USE garageflow;

SET FOREIGN_KEY_CHECKS = 0;
DELETE FROM job_service_items;
DELETE FROM reminders;
DELETE FROM invoices;
DELETE FROM parts_used;
DELETE FROM labor_entries;
DELETE FROM work_items;
DELETE FROM repair_jobs;
DELETE FROM vehicles;
DELETE FROM customers;
DELETE FROM users;
DELETE FROM workshop_settings;
ALTER TABLE job_service_items AUTO_INCREMENT = 1;
ALTER TABLE reminders AUTO_INCREMENT = 1;
ALTER TABLE invoices AUTO_INCREMENT = 1;
ALTER TABLE parts_used AUTO_INCREMENT = 1;
ALTER TABLE labor_entries AUTO_INCREMENT = 1;
ALTER TABLE work_items AUTO_INCREMENT = 1;
ALTER TABLE repair_jobs AUTO_INCREMENT = 1;
ALTER TABLE vehicles AUTO_INCREMENT = 1;
ALTER TABLE customers AUTO_INCREMENT = 1;
ALTER TABLE users AUTO_INCREMENT = 1;
SET FOREIGN_KEY_CHECKS = 1;

INSERT INTO users (id, name, email, password_hash, role, hourly_rate, active) VALUES
(1, 'Minas Garage Admin', 'admin@garageflow.cy', '$2y$10$c3CWdt/F8WNoNSOZognE4u937j76BeB6.IOsA4KfcvSGPwzEvobyq', 'ADMIN', 48, TRUE),
(2, 'Andreas Georgiou', 'andreas@garageflow.cy', '$2y$10$c3CWdt/F8WNoNSOZognE4u937j76BeB6.IOsA4KfcvSGPwzEvobyq', 'MECHANIC', 38, TRUE),
(3, 'Christos Michael', 'christos@garageflow.cy', '$2y$10$c3CWdt/F8WNoNSOZognE4u937j76BeB6.IOsA4KfcvSGPwzEvobyq', 'MECHANIC', 41, TRUE),
(4, 'Petros Savva', 'petros@garageflow.cy', '$2y$10$c3CWdt/F8WNoNSOZognE4u937j76BeB6.IOsA4KfcvSGPwzEvobyq', 'MECHANIC', 36, TRUE),
(5, 'Maria Nicolaou', 'maria@garageflow.cy', '$2y$10$c3CWdt/F8WNoNSOZognE4u937j76BeB6.IOsA4KfcvSGPwzEvobyq', 'MECHANIC', 43, TRUE);

INSERT INTO workshop_settings (id, company_name, address, phone, email, vat_number, registration_number, default_vat_rate, logo_url) VALUES
(1, 'Minas Auto Garage Ltd', '28 Spyrou Kyprianou Ave, Limassol 4043, Cyprus', '+357 25 555500', 'service@minasgarage.cy', 'CY10345678A', 'HE456789', 19, NULL);

INSERT INTO customers (id, full_name, phone, email, address, vat_number, notes) VALUES
(1, 'Elena Ioannou', '+357 96 300731', 'customer01@example.com', '5 Makariou III, Limassol', NULL, 'Calls before approving extra work.'),
(2, 'BlueLine Deliveries Ltd', '+357 97 301462', 'customer02@example.com', '6 Makariou III, Limassol', NULL, 'Fleet account. Monthly statement.'),
(3, 'Minas Charalambous', '+357 98 302193', 'customer03@example.com', '7 Makariou III, Limassol', NULL, 'Keep old parts for inspection.'),
(4, 'Andreas Antoniou', '+357 99 302924', 'customer04@example.com', '8 Makariou III, Limassol', NULL, 'Morning drop-off preferred.'),
(5, 'Katerina Savva', '+357 95 303655', 'customer05@example.com', '9 Makariou III, Limassol', 'CY1000685E', 'Price estimate required before work.'),
(6, 'Limassol Bakery Group', '+357 96 304386', 'customer06@example.com', '10 Makariou III, Limassol', NULL, 'Prefers WhatsApp updates.'),
(7, 'Nicos Petrou', '+357 97 305117', 'customer07@example.com', '11 Makariou III, Limassol', NULL, 'Calls before approving extra work.'),
(8, 'Sofia Michael', '+357 98 305848', 'customer08@example.com', '12 Makariou III, Limassol', NULL, 'Fleet account. Monthly statement.'),
(9, 'Theo Motors Fleet', '+357 99 306579', 'customer09@example.com', '13 Makariou III, Limassol', NULL, 'Keep old parts for inspection.'),
(10, 'Maria Constantinou', '+357 95 307310', 'customer10@example.com', '14 Makariou III, Limassol', 'CY1001370J', 'Morning drop-off preferred.'),
(11, 'Aphrodite Hotels Ltd', '+357 96 308041', 'customer11@example.com', '15 Makariou III, Limassol', NULL, 'Price estimate required before work.'),
(12, 'Giorgos Christofi', '+357 97 308772', 'customer12@example.com', '16 Makariou III, Limassol', NULL, 'Prefers WhatsApp updates.'),
(13, 'Petros Demetriou', '+357 98 309503', 'customer13@example.com', '17 Makariou III, Limassol', NULL, 'Calls before approving extra work.'),
(14, 'Anna Nicolaou', '+357 99 310234', 'customer14@example.com', '18 Makariou III, Limassol', NULL, 'Fleet account. Monthly statement.'),
(15, 'Kyriakos Pavlou', '+357 95 310965', 'customer15@example.com', '19 Makariou III, Limassol', 'CY1002055O', 'Keep old parts for inspection.'),
(16, 'FastParts Logistics', '+357 96 311696', 'customer16@example.com', '20 Makariou III, Limassol', NULL, 'Morning drop-off preferred.'),
(17, 'Stavros Eliades', '+357 97 312427', 'customer17@example.com', '21 Makariou III, Limassol', NULL, 'Price estimate required before work.'),
(18, 'Eleni Panayi', '+357 98 313158', 'customer18@example.com', '22 Makariou III, Limassol', NULL, 'Prefers WhatsApp updates.'),
(19, 'Sunrise Rentals Ltd', '+357 99 313889', 'customer19@example.com', '23 Makariou III, Limassol', NULL, 'Calls before approving extra work.'),
(20, 'Marios Loizou', '+357 95 314620', 'customer20@example.com', '24 Makariou III, Limassol', 'CY1002740@', 'Fleet account. Monthly statement.'),
(21, 'Dimitris Soteriou', '+357 96 315351', 'customer21@example.com', '25 Makariou III, Limassol', NULL, 'Keep old parts for inspection.'),
(22, 'Christina Makri', '+357 97 316082', 'customer22@example.com', '26 Makariou III, Limassol', NULL, 'Morning drop-off preferred.'),
(23, 'GreenLeaf Catering', '+357 98 316813', 'customer23@example.com', '27 Makariou III, Limassol', NULL, 'Price estimate required before work.'),
(24, 'Pambos Hadjiyiannis', '+357 99 317544', 'customer24@example.com', '28 Makariou III, Limassol', NULL, 'Prefers WhatsApp updates.'),
(25, 'Yiota Andreou', '+357 95 318275', 'customer25@example.com', '29 Makariou III, Limassol', 'CY1003425E', 'Calls before approving extra work.'),
(26, 'Atlas Construction Ltd', '+357 96 319006', 'customer26@example.com', '30 Makariou III, Limassol', NULL, 'Fleet account. Monthly statement.'),
(27, 'Costas Iacovou', '+357 97 319737', 'customer27@example.com', '31 Makariou III, Limassol', NULL, 'Keep old parts for inspection.'),
(28, 'Marina Stylianou', '+357 98 320468', 'customer28@example.com', '32 Makariou III, Limassol', NULL, 'Morning drop-off preferred.'),
(29, 'Paphos Courier Services', '+357 99 321199', 'customer29@example.com', '33 Makariou III, Limassol', NULL, 'Price estimate required before work.'),
(30, 'Lena Theodorou', '+357 95 321930', 'customer30@example.com', '34 Makariou III, Limassol', 'CY1004110J', 'Prefers WhatsApp updates.');

INSERT INTO vehicles (id, customer_id, license_plate, vin_number, make, model, year, engine_type, fuel_type, mileage, color, notes) VALUES
(1, 1, 'KMA001', 'VF7DUMMYVIN000001', 'Mazda', 'CX-30', 2016, '1.5 dCi', 'DIESEL', 15330, 'Grey', 'Fleet vehicle; check brakes carefully.'),
(2, 2, 'PFO002', 'VF7DUMMYVIN000002', 'Toyota', 'Corolla', 2017, '1.6 T-GDi', 'HYBRID', 21460, 'Black', 'Customer requested OEM parts where possible.'),
(3, 3, 'NIC003', 'VF7DUMMYVIN000003', 'Nissan', 'Qashqai', 2018, '2.0 Hybrid', 'ELECTRIC', 27590, 'Blue', 'High mileage, inspect suspension.'),
(4, 4, 'CY004', 'VF7DUMMYVIN000004', 'Mercedes-Benz', 'Vito', 2019, '2.2 Diesel', 'LPG', 33720, 'Red', 'Recently purchased vehicle.'),
(5, 5, 'LMS005', 'VF7DUMMYVIN000005', 'BMW', '320d', 2020, 'Electric 64kWh', 'OTHER', 39850, 'Silver', 'Regular service customer.'),
(6, 6, 'KMA006', 'VF7DUMMYVIN000006', 'Volkswagen', 'Golf', 2021, '2.3 Multijet', 'PETROL', 45980, 'Green', 'Fleet vehicle; check brakes carefully.'),
(7, 7, 'PFO007', 'VF7DUMMYVIN000007', 'Ford', 'Transit', 2022, '1.0 EcoBoost', 'DIESEL', 52110, 'Pearl White', 'Customer requested OEM parts where possible.'),
(8, 8, 'NIC008', 'VF7DUMMYVIN000008', 'Hyundai', 'Tucson', 2023, '1.2 Turbo', 'HYBRID', 58240, 'White', 'High mileage, inspect suspension.'),
(9, 9, 'CY009', 'VF7DUMMYVIN000009', 'Kia', 'Sportage', 2024, '1.5 dCi', 'ELECTRIC', 64370, 'Grey', 'Recently purchased vehicle.'),
(10, 10, 'LMS010', 'VF7DUMMYVIN000010', 'Citroen', 'Berlingo', 2025, '1.6 T-GDi', 'LPG', 70500, 'Black', 'Regular service customer.'),
(11, 11, 'KMA011', 'VF7DUMMYVIN000011', 'Fiat', 'Ducato', 2026, '2.0 Hybrid', 'OTHER', 76630, 'Blue', 'Fleet vehicle; check brakes carefully.'),
(12, 12, 'PFO012', 'VF7DUMMYVIN000012', 'Renault', 'Clio', 2015, '2.2 Diesel', 'PETROL', 82760, 'Red', 'Customer requested OEM parts where possible.'),
(13, 13, 'NIC013', 'VF7DUMMYVIN000013', 'Mazda', 'CX-30', 2016, 'Electric 64kWh', 'DIESEL', 88890, 'Silver', 'High mileage, inspect suspension.'),
(14, 14, 'CY014', 'VF7DUMMYVIN000014', 'Toyota', 'Corolla', 2017, '2.3 Multijet', 'HYBRID', 95020, 'Green', 'Recently purchased vehicle.'),
(15, 15, 'LMS015', 'VF7DUMMYVIN000015', 'Nissan', 'Qashqai', 2018, '1.0 EcoBoost', 'ELECTRIC', 101150, 'Pearl White', 'Regular service customer.'),
(16, 16, 'KMA016', 'VF7DUMMYVIN000016', 'Mercedes-Benz', 'Vito', 2019, '1.2 Turbo', 'LPG', 107280, 'White', 'Fleet vehicle; check brakes carefully.'),
(17, 17, 'PFO017', 'VF7DUMMYVIN000017', 'BMW', '320d', 2020, '1.5 dCi', 'OTHER', 113410, 'Grey', 'Customer requested OEM parts where possible.'),
(18, 18, 'NIC018', 'VF7DUMMYVIN000018', 'Volkswagen', 'Golf', 2021, '1.6 T-GDi', 'PETROL', 119540, 'Black', 'High mileage, inspect suspension.'),
(19, 19, 'CY019', 'VF7DUMMYVIN000019', 'Ford', 'Transit', 2022, '2.0 Hybrid', 'DIESEL', 125670, 'Blue', 'Recently purchased vehicle.'),
(20, 20, 'LMS020', 'VF7DUMMYVIN000020', 'Hyundai', 'Tucson', 2023, '2.2 Diesel', 'HYBRID', 131800, 'Red', 'Regular service customer.'),
(21, 21, 'KMA021', 'VF7DUMMYVIN000021', 'Kia', 'Sportage', 2024, 'Electric 64kWh', 'ELECTRIC', 137930, 'Silver', 'Fleet vehicle; check brakes carefully.'),
(22, 22, 'PFO022', 'VF7DUMMYVIN000022', 'Citroen', 'Berlingo', 2025, '2.3 Multijet', 'LPG', 144060, 'Green', 'Customer requested OEM parts where possible.'),
(23, 23, 'NIC023', 'VF7DUMMYVIN000023', 'Fiat', 'Ducato', 2026, '1.0 EcoBoost', 'OTHER', 150190, 'Pearl White', 'High mileage, inspect suspension.'),
(24, 24, 'CY024', 'VF7DUMMYVIN000024', 'Renault', 'Clio', 2015, '1.2 Turbo', 'PETROL', 156320, 'White', 'Recently purchased vehicle.'),
(25, 25, 'LMS025', 'VF7DUMMYVIN000025', 'Mazda', 'CX-30', 2016, '1.5 dCi', 'DIESEL', 162450, 'Grey', 'Regular service customer.'),
(26, 26, 'KMA026', 'VF7DUMMYVIN000026', 'Toyota', 'Corolla', 2017, '1.6 T-GDi', 'HYBRID', 168580, 'Black', 'Fleet vehicle; check brakes carefully.'),
(27, 27, 'PFO027', 'VF7DUMMYVIN000027', 'Nissan', 'Qashqai', 2018, '2.0 Hybrid', 'ELECTRIC', 174710, 'Blue', 'Customer requested OEM parts where possible.'),
(28, 28, 'NIC028', 'VF7DUMMYVIN000028', 'Mercedes-Benz', 'Vito', 2019, '2.2 Diesel', 'LPG', 180840, 'Red', 'High mileage, inspect suspension.'),
(29, 29, 'CY029', 'VF7DUMMYVIN000029', 'BMW', '320d', 2020, 'Electric 64kWh', 'OTHER', 186970, 'Silver', 'Recently purchased vehicle.'),
(30, 30, 'LMS030', 'VF7DUMMYVIN000030', 'Volkswagen', 'Golf', 2021, '2.3 Multijet', 'PETROL', 193100, 'Green', 'Regular service customer.'),
(31, 1, 'KMA031', 'VF7DUMMYVIN000031', 'Ford', 'Transit', 2022, '1.0 EcoBoost', 'DIESEL', 199230, 'Pearl White', 'Fleet vehicle; check brakes carefully.'),
(32, 2, 'PFO032', 'VF7DUMMYVIN000032', 'Hyundai', 'Tucson', 2023, '1.2 Turbo', 'HYBRID', 205360, 'White', 'Customer requested OEM parts where possible.'),
(33, 3, 'NIC033', 'VF7DUMMYVIN000033', 'Kia', 'Sportage', 2024, '1.5 dCi', 'ELECTRIC', 211490, 'Grey', 'High mileage, inspect suspension.'),
(34, 4, 'CY034', 'VF7DUMMYVIN000034', 'Citroen', 'Berlingo', 2025, '1.6 T-GDi', 'LPG', 217620, 'Black', 'Recently purchased vehicle.'),
(35, 5, 'LMS035', 'VF7DUMMYVIN000035', 'Fiat', 'Ducato', 2026, '2.0 Hybrid', 'OTHER', 223750, 'Blue', 'Regular service customer.'),
(36, 6, 'KMA036', 'VF7DUMMYVIN000036', 'Renault', 'Clio', 2015, '2.2 Diesel', 'PETROL', 229880, 'Red', 'Fleet vehicle; check brakes carefully.'),
(37, 7, 'PFO037', 'VF7DUMMYVIN000037', 'Mazda', 'CX-30', 2016, 'Electric 64kWh', 'DIESEL', 236010, 'Silver', 'Customer requested OEM parts where possible.'),
(38, 8, 'NIC038', 'VF7DUMMYVIN000038', 'Toyota', 'Corolla', 2017, '2.3 Multijet', 'HYBRID', 242140, 'Green', 'High mileage, inspect suspension.'),
(39, 9, 'CY039', 'VF7DUMMYVIN000039', 'Nissan', 'Qashqai', 2018, '1.0 EcoBoost', 'ELECTRIC', 248270, 'Pearl White', 'Recently purchased vehicle.'),
(40, 10, 'LMS040', 'VF7DUMMYVIN000040', 'Mercedes-Benz', 'Vito', 2019, '1.2 Turbo', 'LPG', 254400, 'White', 'Regular service customer.'),
(41, 11, 'KMA041', 'VF7DUMMYVIN000041', 'BMW', '320d', 2020, '1.5 dCi', 'OTHER', 260530, 'Grey', 'Fleet vehicle; check brakes carefully.'),
(42, 12, 'PFO042', 'VF7DUMMYVIN000042', 'Volkswagen', 'Golf', 2021, '1.6 T-GDi', 'PETROL', 266660, 'Black', 'Customer requested OEM parts where possible.'),
(43, 13, 'NIC043', 'VF7DUMMYVIN000043', 'Ford', 'Transit', 2022, '2.0 Hybrid', 'DIESEL', 272790, 'Blue', 'High mileage, inspect suspension.'),
(44, 14, 'CY044', 'VF7DUMMYVIN000044', 'Hyundai', 'Tucson', 2023, '2.2 Diesel', 'HYBRID', 278920, 'Red', 'Recently purchased vehicle.'),
(45, 15, 'LMS045', 'VF7DUMMYVIN000045', 'Kia', 'Sportage', 2024, 'Electric 64kWh', 'ELECTRIC', 285050, 'Silver', 'Regular service customer.');

INSERT INTO repair_jobs (id, job_number, customer_id, vehicle_id, assigned_mechanic_id, date_opened, date_completed, estimated_completion_at, vehicle_received_at, job_card_issued_at, service_mileage, oil_change_due_mileage, next_service_due_mileage, problem_description, diagnosis, mechanic_notes, internal_notes, status) VALUES
(1, 'JOB-2026-00001', 1, 1, 3, '2026-06-03 07:45:00.000', NULL, '2026-06-05 17:00:00.000', '2026-06-03 07:45:00.000', '2026-06-03 07:45:00.000', 16020, 21020, 26020, 'Brake noise under light braking.', 'Parts ordered.', 'Customer requested photo update.', NULL, 'WAITING_FOR_PARTS'),
(2, 'JOB-2026-00002', 2, 2, 4, '2026-06-04 07:45:00.000', NULL, '2026-06-07 17:00:00.000', '2026-06-04 07:45:00.000', '2026-06-04 07:45:00.000', 22040, 27040, 32040, 'Engine warning light and rough idle.', 'Road test required.', 'Use OEM equivalent parts.', NULL, 'IN_PROGRESS'),
(3, 'JOB-2026-00003', 3, 3, 5, '2026-06-05 07:45:00.000', NULL, '2026-06-09 17:00:00.000', '2026-06-05 07:45:00.000', '2026-06-05 07:45:00.000', 28060, 33060, 38060, 'Air conditioning not cooling properly.', 'Diagnostic scan scheduled.', 'Clean engine bay after work.', NULL, 'PENDING'),
(4, 'JOB-2026-00004', 4, 4, 2, '2026-06-06 07:45:00.000', NULL, '2026-06-07 17:00:00.000', '2026-06-06 07:45:00.000', '2026-06-06 07:45:00.000', 34080, 39080, 44080, 'Pre-MOT inspection and repairs.', 'Awaiting customer approval.', 'Road test on highway.', NULL, 'WAITING_FOR_PARTS'),
(5, 'JOB-2026-00005', 5, 5, 3, '2026-06-07 07:45:00.000', NULL, '2026-06-09 17:00:00.000', '2026-06-07 07:45:00.000', '2026-06-07 07:45:00.000', 40100, 45100, 50100, 'Oil leak from engine bay.', 'Workshop bay assigned.', 'Retorque wheels after test drive.', NULL, 'IN_PROGRESS'),
(6, 'JOB-2026-00006', 6, 6, 4, '2026-06-08 07:45:00.000', NULL, '2026-06-11 17:00:00.000', '2026-06-08 07:45:00.000', '2026-06-08 07:45:00.000', 46120, 51120, 56120, 'Battery warning and slow start.', 'Initial inspection pending.', 'Update mileage sticker.', NULL, 'PENDING'),
(7, 'JOB-2026-00007', 7, 7, 5, '2026-06-09 07:45:00.000', NULL, '2026-06-13 17:00:00.000', '2026-06-09 07:45:00.000', '2026-06-09 07:45:00.000', 52140, 57140, 62140, 'Suspension knocking over bumps.', 'Parts ordered.', 'Check tyre pressures before delivery.', NULL, 'WAITING_FOR_PARTS'),
(8, 'JOB-2026-00008', 8, 8, 2, '2026-06-10 07:45:00.000', NULL, '2026-06-11 17:00:00.000', '2026-06-10 07:45:00.000', '2026-06-10 07:45:00.000', 58160, 63160, 68160, 'Clutch slipping under load.', 'Road test required.', 'Customer requested photo update.', NULL, 'IN_PROGRESS'),
(9, 'JOB-2026-00009', 9, 9, 3, '2026-06-11 07:45:00.000', NULL, '2026-06-13 17:00:00.000', '2026-06-11 07:45:00.000', '2026-06-11 07:45:00.000', 64180, 69180, 74180, 'Cooling system overheating in traffic.', 'Diagnostic scan scheduled.', 'Use OEM equivalent parts.', 'Priority customer. Keep reception informed.', 'PENDING'),
(10, 'JOB-2026-00010', 10, 10, 4, '2026-06-12 07:45:00.000', NULL, '2026-06-15 17:00:00.000', '2026-06-12 07:45:00.000', '2026-06-12 07:45:00.000', 70200, 75200, 80200, 'Fleet check and tyre rotation.', 'Awaiting customer approval.', 'Clean engine bay after work.', NULL, 'WAITING_FOR_PARTS'),
(11, 'JOB-2026-00011', 11, 11, 5, '2026-06-13 07:45:00.000', NULL, '2026-06-17 17:00:00.000', '2026-06-13 07:45:00.000', '2026-06-13 07:45:00.000', 76220, 81220, 86220, 'Customer reports vibration at idle.', 'Workshop bay assigned.', 'Road test on highway.', NULL, 'IN_PROGRESS'),
(12, 'JOB-2026-00012', 12, 12, 2, '2026-06-14 07:45:00.000', NULL, '2026-06-15 17:00:00.000', '2026-06-14 07:45:00.000', '2026-06-14 07:45:00.000', 82240, 87240, 92240, 'Full service and safety inspection.', 'Initial inspection pending.', 'Retorque wheels after test drive.', NULL, 'PENDING'),
(13, 'JOB-2026-00013', 13, 13, 3, '2026-06-15 07:45:00.000', NULL, '2026-06-17 17:00:00.000', '2026-06-15 07:45:00.000', '2026-06-15 07:45:00.000', 88260, 93260, 98260, 'Brake noise under light braking.', 'Parts ordered.', 'Update mileage sticker.', NULL, 'WAITING_FOR_PARTS'),
(14, 'JOB-2026-00014', 14, 14, 4, '2026-06-16 07:45:00.000', NULL, '2026-06-19 17:00:00.000', '2026-06-16 07:45:00.000', '2026-06-16 07:45:00.000', 94280, 99280, 104280, 'Engine warning light and rough idle.', 'Road test required.', 'Check tyre pressures before delivery.', NULL, 'IN_PROGRESS'),
(15, 'JOB-2026-00015', 15, 15, 5, '2026-06-02 07:45:00.000', NULL, '2026-06-06 17:00:00.000', '2026-06-02 07:45:00.000', '2026-06-02 07:45:00.000', 100300, 105300, 110300, 'Air conditioning not cooling properly.', 'Diagnostic scan scheduled.', 'Customer requested photo update.', NULL, 'PENDING'),
(16, 'JOB-2026-00016', 16, 16, 2, '2026-06-03 07:45:00.000', NULL, '2026-06-04 17:00:00.000', '2026-06-03 07:45:00.000', '2026-06-03 07:45:00.000', 106320, 111320, 116320, 'Pre-MOT inspection and repairs.', 'Awaiting customer approval.', 'Use OEM equivalent parts.', NULL, 'WAITING_FOR_PARTS'),
(17, 'JOB-2026-00017', 17, 17, 3, '2026-06-04 07:45:00.000', NULL, '2026-06-06 17:00:00.000', '2026-06-04 07:45:00.000', '2026-06-04 07:45:00.000', 112340, 117340, 122340, 'Oil leak from engine bay.', 'Workshop bay assigned.', 'Clean engine bay after work.', NULL, 'IN_PROGRESS'),
(18, 'JOB-2026-00018', 18, 18, 4, '2026-06-05 07:45:00.000', NULL, '2026-06-08 17:00:00.000', '2026-06-05 07:45:00.000', '2026-06-05 07:45:00.000', 118360, 123360, 128360, 'Battery warning and slow start.', 'Initial inspection pending.', 'Road test on highway.', 'Priority customer. Keep reception informed.', 'PENDING'),
(19, 'JOB-2026-00019', 19, 19, 5, '2026-04-08 08:00:00.000', '2026-06-17 10:30:00.000', '2026-04-10 17:00:00.000', '2026-04-08 08:00:00.000', '2026-04-08 08:00:00.000', 124380, 129380, 134380, 'Suspension knocking over bumps.', 'Leak traced and sealed.', 'Retorque wheels after test drive.', NULL, 'COMPLETED'),
(20, 'JOB-2026-00020', 20, 20, 2, '2026-04-13 08:00:00.000', '2026-04-14 16:30:00.000', '2026-04-16 17:00:00.000', '2026-04-13 08:00:00.000', '2026-04-13 08:00:00.000', 130400, 135400, 140400, 'Clutch slipping under load.', 'Battery tested weak; replaced.', 'Update mileage sticker.', NULL, 'COMPLETED'),
(21, 'JOB-2026-00021', 21, 21, 3, '2026-04-18 08:00:00.000', '2026-04-20 16:30:00.000', '2026-04-19 17:00:00.000', '2026-04-18 08:00:00.000', '2026-04-18 08:00:00.000', 136420, 141420, 146420, 'Cooling system overheating in traffic.', 'Cooling fan operation restored.', 'Check tyre pressures before delivery.', NULL, 'COMPLETED'),
(22, 'JOB-2026-00022', 22, 22, 4, '2026-04-23 08:00:00.000', '2026-04-26 16:30:00.000', '2026-04-25 17:00:00.000', '2026-04-23 08:00:00.000', '2026-04-23 08:00:00.000', 142440, 147440, 152440, 'Fleet check and tyre rotation.', 'Suspension link replaced.', 'Customer requested photo update.', NULL, 'COMPLETED'),
(23, 'JOB-2026-00023', 23, 23, 5, '2026-04-28 08:00:00.000', '2026-05-02 16:30:00.000', '2026-05-01 17:00:00.000', '2026-04-28 08:00:00.000', '2026-04-28 08:00:00.000', 148460, 153460, 158460, 'Customer reports vibration at idle.', 'Vehicle road tested successfully.', 'Use OEM equivalent parts.', NULL, 'COMPLETED'),
(24, 'JOB-2026-00024', 24, 24, 2, '2026-05-03 08:00:00.000', '2026-05-08 16:30:00.000', '2026-05-04 17:00:00.000', '2026-05-03 08:00:00.000', '2026-05-03 08:00:00.000', 154480, 159480, 164480, 'Full service and safety inspection.', 'Service completed, no further faults.', 'Clean engine bay after work.', NULL, 'DELIVERED'),
(25, 'JOB-2026-00025', 25, 25, 3, '2026-05-08 08:00:00.000', '2026-05-09 16:30:00.000', '2026-05-10 17:00:00.000', '2026-05-08 08:00:00.000', '2026-05-08 08:00:00.000', 160500, 165500, 170500, 'Brake noise under light braking.', 'Front pads worn; replaced.', 'Road test on highway.', NULL, 'COMPLETED'),
(26, 'JOB-2026-00026', 26, 26, 4, '2026-05-13 08:00:00.000', '2026-05-15 16:30:00.000', '2026-05-16 17:00:00.000', '2026-05-13 08:00:00.000', '2026-05-13 08:00:00.000', 166520, 171520, 176520, 'Engine warning light and rough idle.', 'Fault codes cleared after repair.', 'Retorque wheels after test drive.', NULL, 'COMPLETED'),
(27, 'JOB-2026-00027', 27, 27, 5, '2026-05-18 08:00:00.000', '2026-05-21 16:30:00.000', '2026-05-19 17:00:00.000', '2026-05-18 08:00:00.000', '2026-05-18 08:00:00.000', 172540, 177540, 182540, 'Air conditioning not cooling properly.', 'Leak traced and sealed.', 'Update mileage sticker.', 'Priority customer. Keep reception informed.', 'COMPLETED'),
(28, 'JOB-2026-00028', 28, 28, 2, '2026-05-23 08:00:00.000', '2026-05-27 16:30:00.000', '2026-05-25 17:00:00.000', '2026-05-23 08:00:00.000', '2026-05-23 08:00:00.000', 178560, 183560, 188560, 'Pre-MOT inspection and repairs.', 'Battery tested weak; replaced.', 'Check tyre pressures before delivery.', NULL, 'COMPLETED'),
(29, 'JOB-2026-00029', 29, 29, 3, '2026-05-28 08:00:00.000', '2026-06-02 16:30:00.000', '2026-05-31 17:00:00.000', '2026-05-28 08:00:00.000', '2026-05-28 08:00:00.000', 184580, 189580, 194580, 'Oil leak from engine bay.', 'Cooling fan operation restored.', 'Customer requested photo update.', NULL, 'COMPLETED'),
(30, 'JOB-2026-00030', 30, 30, 4, '2026-06-02 08:00:00.000', '2026-06-03 16:30:00.000', '2026-06-03 17:00:00.000', '2026-06-02 08:00:00.000', '2026-06-02 08:00:00.000', 190600, 195600, 200600, 'Battery warning and slow start.', 'Suspension link replaced.', 'Use OEM equivalent parts.', NULL, 'DELIVERED'),
(31, 'JOB-2026-00031', 1, 31, 5, '2026-06-07 08:00:00.000', '2026-06-09 16:30:00.000', '2026-06-09 17:00:00.000', '2026-06-07 08:00:00.000', '2026-06-07 08:00:00.000', 196620, 201620, 206620, 'Suspension knocking over bumps.', 'Vehicle road tested successfully.', 'Clean engine bay after work.', NULL, 'COMPLETED'),
(32, 'JOB-2026-00032', 2, 32, 2, '2026-06-12 08:00:00.000', '2026-06-15 16:30:00.000', '2026-06-15 17:00:00.000', '2026-06-12 08:00:00.000', '2026-06-12 08:00:00.000', 202640, 207640, 212640, 'Clutch slipping under load.', 'Service completed, no further faults.', 'Road test on highway.', NULL, 'COMPLETED'),
(33, 'JOB-2026-00033', 3, 33, 3, '2026-01-05 08:00:00.000', '2026-01-09 16:30:00.000', '2026-01-06 17:00:00.000', '2026-01-05 08:00:00.000', '2026-01-05 08:00:00.000', 208660, 213660, 218660, 'Cooling system overheating in traffic.', 'Front pads worn; replaced.', 'Retorque wheels after test drive.', NULL, 'COMPLETED'),
(34, 'JOB-2026-00034', 4, 34, 4, '2026-01-10 08:00:00.000', '2026-01-15 16:30:00.000', '2026-01-12 17:00:00.000', '2026-01-10 08:00:00.000', '2026-01-10 08:00:00.000', 214680, 219680, 224680, 'Fleet check and tyre rotation.', 'Fault codes cleared after repair.', 'Update mileage sticker.', NULL, 'COMPLETED'),
(35, 'JOB-2026-00035', 5, 35, 5, '2026-01-15 08:00:00.000', '2026-01-16 16:30:00.000', '2026-01-18 17:00:00.000', '2026-01-15 08:00:00.000', '2026-01-15 08:00:00.000', 220700, 225700, 230700, 'Customer reports vibration at idle.', 'Leak traced and sealed.', 'Check tyre pressures before delivery.', NULL, 'COMPLETED'),
(36, 'JOB-2026-00036', 6, 36, 2, '2026-01-20 08:00:00.000', '2026-01-22 16:30:00.000', '2026-01-21 17:00:00.000', '2026-01-20 08:00:00.000', '2026-01-20 08:00:00.000', 226720, 231720, 236720, 'Full service and safety inspection.', 'Battery tested weak; replaced.', 'Customer requested photo update.', 'Priority customer. Keep reception informed.', 'DELIVERED'),
(37, 'JOB-2026-00037', 7, 37, 3, '2026-01-25 08:00:00.000', '2026-01-28 16:30:00.000', '2026-01-27 17:00:00.000', '2026-01-25 08:00:00.000', '2026-01-25 08:00:00.000', 232740, 237740, 242740, 'Brake noise under light braking.', 'Cooling fan operation restored.', 'Use OEM equivalent parts.', NULL, 'COMPLETED'),
(38, 'JOB-2026-00038', 8, 38, 4, '2026-01-30 08:00:00.000', '2026-02-03 16:30:00.000', '2026-02-02 17:00:00.000', '2026-01-30 08:00:00.000', '2026-01-30 08:00:00.000', 238760, 243760, 248760, 'Engine warning light and rough idle.', 'Suspension link replaced.', 'Clean engine bay after work.', NULL, 'COMPLETED'),
(39, 'JOB-2026-00039', 9, 39, 5, '2026-02-04 08:00:00.000', '2026-02-09 16:30:00.000', '2026-02-05 17:00:00.000', '2026-02-04 08:00:00.000', '2026-02-04 08:00:00.000', 244780, 249780, 254780, 'Air conditioning not cooling properly.', 'Vehicle road tested successfully.', 'Road test on highway.', NULL, 'COMPLETED'),
(40, 'JOB-2026-00040', 10, 40, 2, '2026-02-09 08:00:00.000', '2026-02-10 16:30:00.000', '2026-02-11 17:00:00.000', '2026-02-09 08:00:00.000', '2026-02-09 08:00:00.000', 250800, 255800, 260800, 'Pre-MOT inspection and repairs.', 'Service completed, no further faults.', 'Retorque wheels after test drive.', NULL, 'COMPLETED'),
(41, 'JOB-2026-00041', 11, 41, 3, '2026-02-14 08:00:00.000', '2026-02-16 16:30:00.000', '2026-02-17 17:00:00.000', '2026-02-14 08:00:00.000', '2026-02-14 08:00:00.000', 256820, 261820, 266820, 'Oil leak from engine bay.', 'Front pads worn; replaced.', 'Update mileage sticker.', NULL, 'COMPLETED'),
(42, 'JOB-2026-00042', 12, 42, 4, '2026-02-19 08:00:00.000', '2026-02-22 16:30:00.000', '2026-02-20 17:00:00.000', '2026-02-19 08:00:00.000', '2026-02-19 08:00:00.000', 262840, 267840, 272840, 'Battery warning and slow start.', 'Fault codes cleared after repair.', 'Check tyre pressures before delivery.', NULL, 'DELIVERED'),
(43, 'JOB-2026-00043', 13, 43, 5, '2026-02-24 08:00:00.000', '2026-02-28 16:30:00.000', '2026-02-26 17:00:00.000', '2026-02-24 08:00:00.000', '2026-02-24 08:00:00.000', 268860, 273860, 278860, 'Suspension knocking over bumps.', 'Leak traced and sealed.', 'Customer requested photo update.', NULL, 'COMPLETED'),
(44, 'JOB-2026-00044', 14, 44, 2, '2026-03-01 08:00:00.000', '2026-03-06 16:30:00.000', '2026-03-04 17:00:00.000', '2026-03-01 08:00:00.000', '2026-03-01 08:00:00.000', 274880, 279880, 284880, 'Clutch slipping under load.', 'Battery tested weak; replaced.', 'Use OEM equivalent parts.', NULL, 'COMPLETED'),
(45, 'JOB-2026-00045', 15, 45, 3, '2026-03-06 08:00:00.000', '2026-03-07 16:30:00.000', '2026-03-07 17:00:00.000', '2026-03-06 08:00:00.000', '2026-03-06 08:00:00.000', 280900, 285900, 290900, 'Cooling system overheating in traffic.', 'Cooling fan operation restored.', 'Clean engine bay after work.', 'Priority customer. Keep reception informed.', 'COMPLETED'),
(46, 'JOB-2026-00046', 1, 1, 4, '2026-03-11 08:00:00.000', '2026-03-13 16:30:00.000', '2026-03-13 17:00:00.000', '2026-03-11 08:00:00.000', '2026-03-11 08:00:00.000', 21420, 26420, 31420, 'Fleet check and tyre rotation.', 'Suspension link replaced.', 'Road test on highway.', NULL, 'COMPLETED'),
(47, 'JOB-2026-00047', 2, 2, 5, '2026-03-16 08:00:00.000', '2026-03-19 16:30:00.000', '2026-03-19 17:00:00.000', '2026-03-16 08:00:00.000', '2026-03-16 08:00:00.000', 27440, 32440, 37440, 'Customer reports vibration at idle.', 'Vehicle road tested successfully.', 'Retorque wheels after test drive.', NULL, 'COMPLETED'),
(48, 'JOB-2026-00048', 3, 3, 2, '2026-03-21 08:00:00.000', '2026-03-25 16:30:00.000', '2026-03-22 17:00:00.000', '2026-03-21 08:00:00.000', '2026-03-21 08:00:00.000', 33460, 38460, 43460, 'Full service and safety inspection.', 'Service completed, no further faults.', 'Update mileage sticker.', NULL, 'DELIVERED'),
(49, 'JOB-2026-00049', 4, 4, 3, '2026-03-26 08:00:00.000', '2026-03-31 16:30:00.000', '2026-03-28 17:00:00.000', '2026-03-26 08:00:00.000', '2026-03-26 08:00:00.000', 39480, 44480, 49480, 'Brake noise under light braking.', 'Front pads worn; replaced.', 'Check tyre pressures before delivery.', NULL, 'COMPLETED'),
(50, 'JOB-2026-00050', 5, 5, 4, '2026-03-31 08:00:00.000', '2026-04-01 16:30:00.000', '2026-04-03 17:00:00.000', '2026-03-31 08:00:00.000', '2026-03-31 08:00:00.000', 45500, 50500, 55500, 'Engine warning light and rough idle.', 'Fault codes cleared after repair.', 'Customer requested photo update.', NULL, 'COMPLETED'),
(51, 'JOB-2026-00051', 6, 6, 5, '2026-04-05 08:00:00.000', '2026-04-07 16:30:00.000', '2026-04-06 17:00:00.000', '2026-04-05 08:00:00.000', '2026-04-05 08:00:00.000', 51520, 56520, 61520, 'Air conditioning not cooling properly.', 'Leak traced and sealed.', 'Use OEM equivalent parts.', NULL, 'COMPLETED'),
(52, 'JOB-2026-00052', 7, 7, 2, '2026-04-10 08:00:00.000', '2026-04-13 16:30:00.000', '2026-04-12 17:00:00.000', '2026-04-10 08:00:00.000', '2026-04-10 08:00:00.000', 57540, 62540, 67540, 'Pre-MOT inspection and repairs.', 'Battery tested weak; replaced.', 'Clean engine bay after work.', NULL, 'COMPLETED'),
(53, 'JOB-2026-00053', 8, 8, 3, '2026-04-15 08:00:00.000', '2026-04-19 16:30:00.000', '2026-04-18 17:00:00.000', '2026-04-15 08:00:00.000', '2026-04-15 08:00:00.000', 63560, 68560, 73560, 'Oil leak from engine bay.', 'Cooling fan operation restored.', 'Road test on highway.', NULL, 'COMPLETED'),
(54, 'JOB-2026-00054', 9, 9, 4, '2026-04-20 08:00:00.000', '2026-04-25 16:30:00.000', '2026-04-21 17:00:00.000', '2026-04-20 08:00:00.000', '2026-04-20 08:00:00.000', 69580, 74580, 79580, 'Battery warning and slow start.', 'Suspension link replaced.', 'Retorque wheels after test drive.', 'Priority customer. Keep reception informed.', 'DELIVERED'),
(55, 'JOB-2026-00055', 10, 10, 5, '2026-04-25 08:00:00.000', '2026-04-26 16:30:00.000', '2026-04-27 17:00:00.000', '2026-04-25 08:00:00.000', '2026-04-25 08:00:00.000', 75600, 80600, 85600, 'Suspension knocking over bumps.', 'Vehicle road tested successfully.', 'Update mileage sticker.', NULL, 'COMPLETED'),
(56, 'JOB-2026-00056', 11, 11, 2, '2026-04-30 08:00:00.000', '2026-05-02 16:30:00.000', '2026-05-03 17:00:00.000', '2026-04-30 08:00:00.000', '2026-04-30 08:00:00.000', 81620, 86620, 91620, 'Clutch slipping under load.', 'Service completed, no further faults.', 'Check tyre pressures before delivery.', NULL, 'COMPLETED'),
(57, 'JOB-2026-00057', 12, 12, 3, '2026-05-05 08:00:00.000', '2026-05-08 16:30:00.000', '2026-05-06 17:00:00.000', '2026-05-05 08:00:00.000', '2026-05-05 08:00:00.000', 87640, 92640, 97640, 'Cooling system overheating in traffic.', 'Front pads worn; replaced.', 'Customer requested photo update.', NULL, 'COMPLETED'),
(58, 'JOB-2026-00058', 13, 13, 4, '2026-05-10 08:00:00.000', '2026-05-14 16:30:00.000', '2026-05-12 17:00:00.000', '2026-05-10 08:00:00.000', '2026-05-10 08:00:00.000', 93660, 98660, 103660, 'Fleet check and tyre rotation.', 'Fault codes cleared after repair.', 'Use OEM equivalent parts.', NULL, 'COMPLETED'),
(59, 'JOB-2026-00059', 14, 14, 5, '2026-05-15 08:00:00.000', '2026-05-20 16:30:00.000', '2026-05-18 17:00:00.000', '2026-05-15 08:00:00.000', '2026-05-15 08:00:00.000', 99680, 104680, 109680, 'Customer reports vibration at idle.', 'Leak traced and sealed.', 'Clean engine bay after work.', NULL, 'COMPLETED'),
(60, 'JOB-2026-00060', 15, 15, 2, '2026-05-20 08:00:00.000', '2026-05-21 16:30:00.000', '2026-05-21 17:00:00.000', '2026-05-20 08:00:00.000', '2026-05-20 08:00:00.000', 105700, 110700, 115700, 'Full service and safety inspection.', 'Battery tested weak; replaced.', 'Road test on highway.', NULL, 'DELIVERED'),
(61, 'JOB-2026-00061', 16, 16, 3, '2026-05-25 08:00:00.000', '2026-05-27 16:30:00.000', '2026-05-27 17:00:00.000', '2026-05-25 08:00:00.000', '2026-05-25 08:00:00.000', 111720, 116720, 121720, 'Brake noise under light braking.', 'Cooling fan operation restored.', 'Retorque wheels after test drive.', NULL, 'COMPLETED'),
(62, 'JOB-2026-00062', 17, 17, 4, '2026-05-30 08:00:00.000', '2026-06-02 16:30:00.000', '2026-06-02 17:00:00.000', '2026-05-30 08:00:00.000', '2026-05-30 08:00:00.000', 117740, 122740, 127740, 'Engine warning light and rough idle.', 'Suspension link replaced.', 'Update mileage sticker.', NULL, 'COMPLETED'),
(63, 'JOB-2026-00063', 18, 18, 5, '2026-06-04 08:00:00.000', '2026-06-08 16:30:00.000', '2026-06-05 17:00:00.000', '2026-06-04 08:00:00.000', '2026-06-04 08:00:00.000', 123760, 128760, 133760, 'Air conditioning not cooling properly.', 'Vehicle road tested successfully.', 'Check tyre pressures before delivery.', 'Priority customer. Keep reception informed.', 'COMPLETED'),
(64, 'JOB-2026-00064', 19, 19, 2, '2026-06-09 08:00:00.000', '2026-06-14 16:30:00.000', '2026-06-11 17:00:00.000', '2026-06-09 08:00:00.000', '2026-06-09 08:00:00.000', 129780, 134780, 139780, 'Pre-MOT inspection and repairs.', 'Service completed, no further faults.', 'Customer requested photo update.', NULL, 'COMPLETED'),
(65, 'JOB-2026-00065', 20, 20, 3, '2026-06-14 08:00:00.000', '2026-06-15 16:30:00.000', '2026-06-17 17:00:00.000', '2026-06-14 08:00:00.000', '2026-06-14 08:00:00.000', 135800, 140800, 145800, 'Oil leak from engine bay.', 'Front pads worn; replaced.', 'Use OEM equivalent parts.', NULL, 'COMPLETED'),
(66, 'JOB-2026-00066', 21, 21, 4, '2026-01-07 08:00:00.000', '2026-01-09 16:30:00.000', '2026-01-08 17:00:00.000', '2026-01-07 08:00:00.000', '2026-01-07 08:00:00.000', 141820, 146820, 151820, 'Battery warning and slow start.', 'Fault codes cleared after repair.', 'Clean engine bay after work.', NULL, 'DELIVERED'),
(67, 'JOB-2026-00067', 22, 22, 5, '2026-01-12 08:00:00.000', '2026-01-15 16:30:00.000', '2026-01-14 17:00:00.000', '2026-01-12 08:00:00.000', '2026-01-12 08:00:00.000', 147840, 152840, 157840, 'Suspension knocking over bumps.', 'Leak traced and sealed.', 'Road test on highway.', NULL, 'COMPLETED'),
(68, 'JOB-2026-00068', 23, 23, 2, '2026-01-17 08:00:00.000', '2026-01-21 16:30:00.000', '2026-01-20 17:00:00.000', '2026-01-17 08:00:00.000', '2026-01-17 08:00:00.000', 153860, 158860, 163860, 'Clutch slipping under load.', 'Battery tested weak; replaced.', 'Retorque wheels after test drive.', NULL, 'COMPLETED'),
(69, 'JOB-2026-00069', 24, 24, 3, '2026-01-22 08:00:00.000', '2026-01-27 16:30:00.000', '2026-01-23 17:00:00.000', '2026-01-22 08:00:00.000', '2026-01-22 08:00:00.000', 159880, 164880, 169880, 'Cooling system overheating in traffic.', 'Cooling fan operation restored.', 'Update mileage sticker.', NULL, 'COMPLETED'),
(70, 'JOB-2026-00070', 25, 25, 4, '2026-01-27 08:00:00.000', '2026-01-28 16:30:00.000', '2026-01-29 17:00:00.000', '2026-01-27 08:00:00.000', '2026-01-27 08:00:00.000', 165900, 170900, 175900, 'Fleet check and tyre rotation.', 'Suspension link replaced.', 'Check tyre pressures before delivery.', NULL, 'COMPLETED'),
(71, 'JOB-2026-00071', 26, 26, 5, '2026-02-01 08:00:00.000', '2026-02-03 16:30:00.000', '2026-02-04 17:00:00.000', '2026-02-01 08:00:00.000', '2026-02-01 08:00:00.000', 171920, 176920, 181920, 'Customer reports vibration at idle.', 'Vehicle road tested successfully.', 'Customer requested photo update.', NULL, 'COMPLETED'),
(72, 'JOB-2026-00072', 27, 27, 2, '2026-02-06 08:00:00.000', '2026-02-09 16:30:00.000', '2026-02-07 17:00:00.000', '2026-02-06 08:00:00.000', '2026-02-06 08:00:00.000', 177940, 182940, 187940, 'Full service and safety inspection.', 'Service completed, no further faults.', 'Use OEM equivalent parts.', 'Priority customer. Keep reception informed.', 'DELIVERED'),
(73, 'JOB-2026-00073', 28, 28, 3, '2026-02-11 08:00:00.000', '2026-02-15 16:30:00.000', '2026-02-13 17:00:00.000', '2026-02-11 08:00:00.000', '2026-02-11 08:00:00.000', 183960, 188960, 193960, 'Brake noise under light braking.', 'Front pads worn; replaced.', 'Clean engine bay after work.', NULL, 'COMPLETED'),
(74, 'JOB-2026-00074', 29, 29, 4, '2026-02-16 08:00:00.000', '2026-02-21 16:30:00.000', '2026-02-19 17:00:00.000', '2026-02-16 08:00:00.000', '2026-02-16 08:00:00.000', 189980, 194980, 199980, 'Engine warning light and rough idle.', 'Fault codes cleared after repair.', 'Road test on highway.', NULL, 'COMPLETED'),
(75, 'JOB-2026-00075', 30, 30, 5, '2026-02-21 08:00:00.000', '2026-02-22 16:30:00.000', '2026-02-22 17:00:00.000', '2026-02-21 08:00:00.000', '2026-02-21 08:00:00.000', 196000, 201000, 206000, 'Air conditioning not cooling properly.', 'Leak traced and sealed.', 'Retorque wheels after test drive.', NULL, 'COMPLETED'),
(76, 'JOB-2026-00076', 1, 31, 2, '2026-02-26 08:00:00.000', '2026-02-28 16:30:00.000', '2026-02-28 17:00:00.000', '2026-02-26 08:00:00.000', '2026-02-26 08:00:00.000', 202020, 207020, 212020, 'Pre-MOT inspection and repairs.', 'Battery tested weak; replaced.', 'Update mileage sticker.', NULL, 'COMPLETED'),
(77, 'JOB-2026-00077', 2, 32, 3, '2026-03-03 08:00:00.000', '2026-03-06 16:30:00.000', '2026-03-06 17:00:00.000', '2026-03-03 08:00:00.000', '2026-03-03 08:00:00.000', 208040, 213040, 218040, 'Oil leak from engine bay.', 'Cooling fan operation restored.', 'Check tyre pressures before delivery.', NULL, 'COMPLETED'),
(78, 'JOB-2026-00078', 3, 33, 4, '2026-03-08 08:00:00.000', '2026-03-12 16:30:00.000', '2026-03-09 17:00:00.000', '2026-03-08 08:00:00.000', '2026-03-08 08:00:00.000', 214060, 219060, 224060, 'Battery warning and slow start.', 'Suspension link replaced.', 'Customer requested photo update.', NULL, 'DELIVERED'),
(79, 'JOB-2026-00079', 4, 34, 5, '2026-03-13 08:00:00.000', '2026-03-18 16:30:00.000', '2026-03-15 17:00:00.000', '2026-03-13 08:00:00.000', '2026-03-13 08:00:00.000', 220080, 225080, 230080, 'Suspension knocking over bumps.', 'Vehicle road tested successfully.', 'Use OEM equivalent parts.', NULL, 'COMPLETED'),
(80, 'JOB-2026-00080', 5, 35, 2, '2026-03-18 08:00:00.000', '2026-03-19 16:30:00.000', '2026-03-21 17:00:00.000', '2026-03-18 08:00:00.000', '2026-03-18 08:00:00.000', 226100, 231100, 236100, 'Clutch slipping under load.', 'Service completed, no further faults.', 'Clean engine bay after work.', NULL, 'COMPLETED'),
(81, 'JOB-2026-00081', 6, 36, 3, '2026-03-23 08:00:00.000', '2026-03-25 16:30:00.000', '2026-03-24 17:00:00.000', '2026-03-23 08:00:00.000', '2026-03-23 08:00:00.000', 232120, 237120, 242120, 'Cooling system overheating in traffic.', 'Front pads worn; replaced.', 'Road test on highway.', 'Priority customer. Keep reception informed.', 'COMPLETED'),
(82, 'JOB-2026-00082', 7, 37, 4, '2026-03-28 08:00:00.000', '2026-03-31 16:30:00.000', '2026-03-30 17:00:00.000', '2026-03-28 08:00:00.000', '2026-03-28 08:00:00.000', 238140, 243140, 248140, 'Fleet check and tyre rotation.', 'Fault codes cleared after repair.', 'Retorque wheels after test drive.', NULL, 'COMPLETED'),
(83, 'JOB-2026-00083', 8, 38, 5, '2026-04-02 08:00:00.000', '2026-04-06 16:30:00.000', '2026-04-05 17:00:00.000', '2026-04-02 08:00:00.000', '2026-04-02 08:00:00.000', 244160, 249160, 254160, 'Customer reports vibration at idle.', 'Leak traced and sealed.', 'Update mileage sticker.', NULL, 'COMPLETED'),
(84, 'JOB-2026-00084', 9, 39, 2, '2026-04-07 08:00:00.000', '2026-04-12 16:30:00.000', '2026-04-08 17:00:00.000', '2026-04-07 08:00:00.000', '2026-04-07 08:00:00.000', 250180, 255180, 260180, 'Full service and safety inspection.', 'Battery tested weak; replaced.', 'Check tyre pressures before delivery.', NULL, 'DELIVERED'),
(85, 'JOB-2026-00085', 10, 40, 3, '2026-04-12 08:00:00.000', '2026-04-13 16:30:00.000', '2026-04-14 17:00:00.000', '2026-04-12 08:00:00.000', '2026-04-12 08:00:00.000', 256200, 261200, 266200, 'Brake noise under light braking.', 'Cooling fan operation restored.', 'Customer requested photo update.', NULL, 'COMPLETED'),
(86, 'JOB-2026-00086', 11, 41, 4, '2026-04-17 08:00:00.000', '2026-04-19 16:30:00.000', '2026-04-20 17:00:00.000', '2026-04-17 08:00:00.000', '2026-04-17 08:00:00.000', 262220, 267220, 272220, 'Engine warning light and rough idle.', 'Suspension link replaced.', 'Use OEM equivalent parts.', NULL, 'COMPLETED'),
(87, 'JOB-2026-00087', 12, 42, 5, '2026-04-22 08:00:00.000', '2026-04-25 16:30:00.000', '2026-04-23 17:00:00.000', '2026-04-22 08:00:00.000', '2026-04-22 08:00:00.000', 268240, 273240, 278240, 'Air conditioning not cooling properly.', 'Vehicle road tested successfully.', 'Clean engine bay after work.', NULL, 'COMPLETED'),
(88, 'JOB-2026-00088', 13, 43, 2, '2026-04-27 08:00:00.000', '2026-05-01 16:30:00.000', '2026-04-29 17:00:00.000', '2026-04-27 08:00:00.000', '2026-04-27 08:00:00.000', 274260, 279260, 284260, 'Pre-MOT inspection and repairs.', 'Service completed, no further faults.', 'Road test on highway.', NULL, 'COMPLETED'),
(89, 'JOB-2026-00089', 14, 44, 3, '2026-05-02 08:00:00.000', '2026-05-07 16:30:00.000', '2026-05-05 17:00:00.000', '2026-05-02 08:00:00.000', '2026-05-02 08:00:00.000', 280280, 285280, 290280, 'Oil leak from engine bay.', 'Front pads worn; replaced.', 'Retorque wheels after test drive.', NULL, 'COMPLETED'),
(90, 'JOB-2026-00090', 15, 45, 4, '2026-05-07 08:00:00.000', '2026-05-08 16:30:00.000', '2026-05-08 17:00:00.000', '2026-05-07 08:00:00.000', '2026-05-07 08:00:00.000', 286300, 291300, 296300, 'Battery warning and slow start.', 'Fault codes cleared after repair.', 'Update mileage sticker.', 'Priority customer. Keep reception informed.', 'DELIVERED');

INSERT INTO job_service_items (id, job_id, item_key, label, category, completed, notes) VALUES
(1, 1, 'engine_oil', 'Engine oil', 'basic', FALSE, 'Oil condition checked.'),
(2, 1, 'oil_filter', 'Oil filter', 'basic', FALSE, 'Filter inspected/replaced as needed.'),
(3, 1, 'air_filter', 'Air filter', 'basic', FALSE, NULL),
(4, 1, 'cabin_filter', 'Cabin filter', 'basic', FALSE, NULL),
(5, 1, 'brake_check', 'Brake check', 'safety', FALSE, 'Pads and discs inspected.'),
(6, 1, 'diagnostic_scan', 'Diagnostic scan', 'extra', FALSE, 'Scan report attached to job notes.'),
(7, 2, 'engine_oil', 'Engine oil', 'basic', FALSE, 'Oil condition checked.'),
(8, 2, 'oil_filter', 'Oil filter', 'basic', FALSE, 'Filter inspected/replaced as needed.'),
(9, 2, 'air_filter', 'Air filter', 'basic', FALSE, NULL),
(10, 2, 'cabin_filter', 'Cabin filter', 'basic', FALSE, NULL),
(11, 2, 'brake_check', 'Brake check', 'safety', TRUE, 'Pads and discs inspected.'),
(12, 2, 'diagnostic_scan', 'Diagnostic scan', 'extra', FALSE, 'Scan report attached to job notes.'),
(13, 3, 'engine_oil', 'Engine oil', 'basic', TRUE, 'Oil condition checked.'),
(14, 3, 'oil_filter', 'Oil filter', 'basic', FALSE, 'Filter inspected/replaced as needed.'),
(15, 3, 'air_filter', 'Air filter', 'basic', FALSE, NULL),
(16, 3, 'cabin_filter', 'Cabin filter', 'basic', FALSE, NULL),
(17, 3, 'brake_check', 'Brake check', 'safety', FALSE, 'Pads and discs inspected.'),
(18, 3, 'diagnostic_scan', 'Diagnostic scan', 'extra', FALSE, 'Scan report attached to job notes.'),
(19, 4, 'engine_oil', 'Engine oil', 'basic', FALSE, 'Oil condition checked.'),
(20, 4, 'oil_filter', 'Oil filter', 'basic', TRUE, 'Filter inspected/replaced as needed.'),
(21, 4, 'air_filter', 'Air filter', 'basic', FALSE, NULL),
(22, 4, 'cabin_filter', 'Cabin filter', 'basic', FALSE, NULL),
(23, 4, 'brake_check', 'Brake check', 'safety', TRUE, 'Pads and discs inspected.'),
(24, 4, 'diagnostic_scan', 'Diagnostic scan', 'extra', TRUE, 'Scan report attached to job notes.'),
(25, 5, 'engine_oil', 'Engine oil', 'basic', FALSE, 'Oil condition checked.'),
(26, 5, 'oil_filter', 'Oil filter', 'basic', FALSE, 'Filter inspected/replaced as needed.'),
(27, 5, 'air_filter', 'Air filter', 'basic', TRUE, NULL),
(28, 5, 'cabin_filter', 'Cabin filter', 'basic', FALSE, NULL),
(29, 5, 'brake_check', 'Brake check', 'safety', FALSE, 'Pads and discs inspected.'),
(30, 5, 'diagnostic_scan', 'Diagnostic scan', 'extra', FALSE, 'Scan report attached to job notes.'),
(31, 6, 'engine_oil', 'Engine oil', 'basic', TRUE, 'Oil condition checked.'),
(32, 6, 'oil_filter', 'Oil filter', 'basic', FALSE, 'Filter inspected/replaced as needed.'),
(33, 6, 'air_filter', 'Air filter', 'basic', FALSE, NULL),
(34, 6, 'cabin_filter', 'Cabin filter', 'basic', TRUE, NULL),
(35, 6, 'brake_check', 'Brake check', 'safety', TRUE, 'Pads and discs inspected.'),
(36, 6, 'diagnostic_scan', 'Diagnostic scan', 'extra', FALSE, 'Scan report attached to job notes.'),
(37, 7, 'engine_oil', 'Engine oil', 'basic', FALSE, 'Oil condition checked.'),
(38, 7, 'oil_filter', 'Oil filter', 'basic', FALSE, 'Filter inspected/replaced as needed.'),
(39, 7, 'air_filter', 'Air filter', 'basic', FALSE, NULL),
(40, 7, 'cabin_filter', 'Cabin filter', 'basic', FALSE, NULL),
(41, 7, 'brake_check', 'Brake check', 'safety', FALSE, 'Pads and discs inspected.'),
(42, 7, 'diagnostic_scan', 'Diagnostic scan', 'extra', FALSE, 'Scan report attached to job notes.'),
(43, 8, 'engine_oil', 'Engine oil', 'basic', FALSE, 'Oil condition checked.'),
(44, 8, 'oil_filter', 'Oil filter', 'basic', TRUE, 'Filter inspected/replaced as needed.'),
(45, 8, 'air_filter', 'Air filter', 'basic', FALSE, NULL),
(46, 8, 'cabin_filter', 'Cabin filter', 'basic', FALSE, NULL),
(47, 8, 'brake_check', 'Brake check', 'safety', TRUE, 'Pads and discs inspected.'),
(48, 8, 'diagnostic_scan', 'Diagnostic scan', 'extra', TRUE, 'Scan report attached to job notes.'),
(49, 9, 'engine_oil', 'Engine oil', 'basic', TRUE, 'Oil condition checked.'),
(50, 9, 'oil_filter', 'Oil filter', 'basic', FALSE, 'Filter inspected/replaced as needed.'),
(51, 9, 'air_filter', 'Air filter', 'basic', FALSE, NULL),
(52, 9, 'cabin_filter', 'Cabin filter', 'basic', FALSE, NULL),
(53, 9, 'brake_check', 'Brake check', 'safety', FALSE, 'Pads and discs inspected.'),
(54, 9, 'diagnostic_scan', 'Diagnostic scan', 'extra', FALSE, 'Scan report attached to job notes.'),
(55, 10, 'engine_oil', 'Engine oil', 'basic', FALSE, 'Oil condition checked.'),
(56, 10, 'oil_filter', 'Oil filter', 'basic', FALSE, 'Filter inspected/replaced as needed.'),
(57, 10, 'air_filter', 'Air filter', 'basic', TRUE, NULL),
(58, 10, 'cabin_filter', 'Cabin filter', 'basic', FALSE, NULL),
(59, 10, 'brake_check', 'Brake check', 'safety', TRUE, 'Pads and discs inspected.'),
(60, 10, 'diagnostic_scan', 'Diagnostic scan', 'extra', FALSE, 'Scan report attached to job notes.'),
(61, 11, 'engine_oil', 'Engine oil', 'basic', FALSE, 'Oil condition checked.'),
(62, 11, 'oil_filter', 'Oil filter', 'basic', FALSE, 'Filter inspected/replaced as needed.'),
(63, 11, 'air_filter', 'Air filter', 'basic', FALSE, NULL),
(64, 11, 'cabin_filter', 'Cabin filter', 'basic', FALSE, NULL),
(65, 11, 'brake_check', 'Brake check', 'safety', FALSE, 'Pads and discs inspected.'),
(66, 11, 'diagnostic_scan', 'Diagnostic scan', 'extra', FALSE, 'Scan report attached to job notes.'),
(67, 12, 'engine_oil', 'Engine oil', 'basic', TRUE, 'Oil condition checked.'),
(68, 12, 'oil_filter', 'Oil filter', 'basic', TRUE, 'Filter inspected/replaced as needed.'),
(69, 12, 'air_filter', 'Air filter', 'basic', FALSE, NULL),
(70, 12, 'cabin_filter', 'Cabin filter', 'basic', TRUE, NULL),
(71, 12, 'brake_check', 'Brake check', 'safety', TRUE, 'Pads and discs inspected.'),
(72, 12, 'diagnostic_scan', 'Diagnostic scan', 'extra', TRUE, 'Scan report attached to job notes.'),
(73, 13, 'engine_oil', 'Engine oil', 'basic', FALSE, 'Oil condition checked.'),
(74, 13, 'oil_filter', 'Oil filter', 'basic', FALSE, 'Filter inspected/replaced as needed.'),
(75, 13, 'air_filter', 'Air filter', 'basic', FALSE, NULL),
(76, 13, 'cabin_filter', 'Cabin filter', 'basic', FALSE, NULL),
(77, 13, 'brake_check', 'Brake check', 'safety', FALSE, 'Pads and discs inspected.'),
(78, 13, 'diagnostic_scan', 'Diagnostic scan', 'extra', FALSE, 'Scan report attached to job notes.'),
(79, 14, 'engine_oil', 'Engine oil', 'basic', FALSE, 'Oil condition checked.'),
(80, 14, 'oil_filter', 'Oil filter', 'basic', FALSE, 'Filter inspected/replaced as needed.'),
(81, 14, 'air_filter', 'Air filter', 'basic', FALSE, NULL),
(82, 14, 'cabin_filter', 'Cabin filter', 'basic', FALSE, NULL),
(83, 14, 'brake_check', 'Brake check', 'safety', TRUE, 'Pads and discs inspected.'),
(84, 14, 'diagnostic_scan', 'Diagnostic scan', 'extra', FALSE, 'Scan report attached to job notes.'),
(85, 15, 'engine_oil', 'Engine oil', 'basic', TRUE, 'Oil condition checked.'),
(86, 15, 'oil_filter', 'Oil filter', 'basic', FALSE, 'Filter inspected/replaced as needed.'),
(87, 15, 'air_filter', 'Air filter', 'basic', TRUE, NULL),
(88, 15, 'cabin_filter', 'Cabin filter', 'basic', FALSE, NULL),
(89, 15, 'brake_check', 'Brake check', 'safety', FALSE, 'Pads and discs inspected.'),
(90, 15, 'diagnostic_scan', 'Diagnostic scan', 'extra', FALSE, 'Scan report attached to job notes.'),
(91, 16, 'engine_oil', 'Engine oil', 'basic', FALSE, 'Oil condition checked.'),
(92, 16, 'oil_filter', 'Oil filter', 'basic', TRUE, 'Filter inspected/replaced as needed.'),
(93, 16, 'air_filter', 'Air filter', 'basic', FALSE, NULL),
(94, 16, 'cabin_filter', 'Cabin filter', 'basic', FALSE, NULL),
(95, 16, 'brake_check', 'Brake check', 'safety', TRUE, 'Pads and discs inspected.'),
(96, 16, 'diagnostic_scan', 'Diagnostic scan', 'extra', TRUE, 'Scan report attached to job notes.'),
(97, 17, 'engine_oil', 'Engine oil', 'basic', FALSE, 'Oil condition checked.'),
(98, 17, 'oil_filter', 'Oil filter', 'basic', FALSE, 'Filter inspected/replaced as needed.'),
(99, 17, 'air_filter', 'Air filter', 'basic', FALSE, NULL),
(100, 17, 'cabin_filter', 'Cabin filter', 'basic', FALSE, NULL),
(101, 17, 'brake_check', 'Brake check', 'safety', FALSE, 'Pads and discs inspected.'),
(102, 17, 'diagnostic_scan', 'Diagnostic scan', 'extra', FALSE, 'Scan report attached to job notes.'),
(103, 18, 'engine_oil', 'Engine oil', 'basic', TRUE, 'Oil condition checked.'),
(104, 18, 'oil_filter', 'Oil filter', 'basic', FALSE, 'Filter inspected/replaced as needed.'),
(105, 18, 'air_filter', 'Air filter', 'basic', FALSE, NULL),
(106, 18, 'cabin_filter', 'Cabin filter', 'basic', TRUE, NULL),
(107, 18, 'brake_check', 'Brake check', 'safety', TRUE, 'Pads and discs inspected.'),
(108, 18, 'diagnostic_scan', 'Diagnostic scan', 'extra', FALSE, 'Scan report attached to job notes.'),
(109, 19, 'engine_oil', 'Engine oil', 'basic', TRUE, 'Oil condition checked.'),
(110, 19, 'oil_filter', 'Oil filter', 'basic', TRUE, 'Filter inspected/replaced as needed.'),
(111, 19, 'air_filter', 'Air filter', 'basic', TRUE, NULL),
(112, 19, 'cabin_filter', 'Cabin filter', 'basic', TRUE, NULL),
(113, 19, 'brake_check', 'Brake check', 'safety', TRUE, 'Pads and discs inspected.'),
(114, 19, 'diagnostic_scan', 'Diagnostic scan', 'extra', TRUE, 'Scan report attached to job notes.'),
(115, 20, 'engine_oil', 'Engine oil', 'basic', TRUE, 'Oil condition checked.'),
(116, 20, 'oil_filter', 'Oil filter', 'basic', TRUE, 'Filter inspected/replaced as needed.'),
(117, 20, 'air_filter', 'Air filter', 'basic', TRUE, NULL),
(118, 20, 'cabin_filter', 'Cabin filter', 'basic', TRUE, NULL),
(119, 20, 'brake_check', 'Brake check', 'safety', TRUE, 'Pads and discs inspected.'),
(120, 20, 'diagnostic_scan', 'Diagnostic scan', 'extra', TRUE, 'Scan report attached to job notes.'),
(121, 21, 'engine_oil', 'Engine oil', 'basic', TRUE, 'Oil condition checked.'),
(122, 21, 'oil_filter', 'Oil filter', 'basic', TRUE, 'Filter inspected/replaced as needed.'),
(123, 21, 'air_filter', 'Air filter', 'basic', TRUE, NULL),
(124, 21, 'cabin_filter', 'Cabin filter', 'basic', TRUE, NULL),
(125, 21, 'brake_check', 'Brake check', 'safety', TRUE, 'Pads and discs inspected.'),
(126, 21, 'diagnostic_scan', 'Diagnostic scan', 'extra', TRUE, 'Scan report attached to job notes.'),
(127, 22, 'engine_oil', 'Engine oil', 'basic', TRUE, 'Oil condition checked.'),
(128, 22, 'oil_filter', 'Oil filter', 'basic', TRUE, 'Filter inspected/replaced as needed.'),
(129, 22, 'air_filter', 'Air filter', 'basic', TRUE, NULL),
(130, 22, 'cabin_filter', 'Cabin filter', 'basic', TRUE, NULL),
(131, 22, 'brake_check', 'Brake check', 'safety', TRUE, 'Pads and discs inspected.'),
(132, 22, 'diagnostic_scan', 'Diagnostic scan', 'extra', TRUE, 'Scan report attached to job notes.'),
(133, 23, 'engine_oil', 'Engine oil', 'basic', TRUE, 'Oil condition checked.'),
(134, 23, 'oil_filter', 'Oil filter', 'basic', TRUE, 'Filter inspected/replaced as needed.'),
(135, 23, 'air_filter', 'Air filter', 'basic', TRUE, NULL),
(136, 23, 'cabin_filter', 'Cabin filter', 'basic', TRUE, NULL),
(137, 23, 'brake_check', 'Brake check', 'safety', TRUE, 'Pads and discs inspected.'),
(138, 23, 'diagnostic_scan', 'Diagnostic scan', 'extra', TRUE, 'Scan report attached to job notes.'),
(139, 24, 'engine_oil', 'Engine oil', 'basic', TRUE, 'Oil condition checked.'),
(140, 24, 'oil_filter', 'Oil filter', 'basic', TRUE, 'Filter inspected/replaced as needed.'),
(141, 24, 'air_filter', 'Air filter', 'basic', TRUE, NULL),
(142, 24, 'cabin_filter', 'Cabin filter', 'basic', TRUE, NULL),
(143, 24, 'brake_check', 'Brake check', 'safety', TRUE, 'Pads and discs inspected.'),
(144, 24, 'diagnostic_scan', 'Diagnostic scan', 'extra', TRUE, 'Scan report attached to job notes.'),
(145, 25, 'engine_oil', 'Engine oil', 'basic', TRUE, 'Oil condition checked.'),
(146, 25, 'oil_filter', 'Oil filter', 'basic', TRUE, 'Filter inspected/replaced as needed.'),
(147, 25, 'air_filter', 'Air filter', 'basic', TRUE, NULL),
(148, 25, 'cabin_filter', 'Cabin filter', 'basic', TRUE, NULL),
(149, 25, 'brake_check', 'Brake check', 'safety', TRUE, 'Pads and discs inspected.'),
(150, 25, 'diagnostic_scan', 'Diagnostic scan', 'extra', TRUE, 'Scan report attached to job notes.'),
(151, 26, 'engine_oil', 'Engine oil', 'basic', TRUE, 'Oil condition checked.'),
(152, 26, 'oil_filter', 'Oil filter', 'basic', TRUE, 'Filter inspected/replaced as needed.'),
(153, 26, 'air_filter', 'Air filter', 'basic', TRUE, NULL),
(154, 26, 'cabin_filter', 'Cabin filter', 'basic', TRUE, NULL),
(155, 26, 'brake_check', 'Brake check', 'safety', TRUE, 'Pads and discs inspected.'),
(156, 26, 'diagnostic_scan', 'Diagnostic scan', 'extra', TRUE, 'Scan report attached to job notes.'),
(157, 27, 'engine_oil', 'Engine oil', 'basic', TRUE, 'Oil condition checked.'),
(158, 27, 'oil_filter', 'Oil filter', 'basic', TRUE, 'Filter inspected/replaced as needed.'),
(159, 27, 'air_filter', 'Air filter', 'basic', TRUE, NULL),
(160, 27, 'cabin_filter', 'Cabin filter', 'basic', TRUE, NULL),
(161, 27, 'brake_check', 'Brake check', 'safety', TRUE, 'Pads and discs inspected.'),
(162, 27, 'diagnostic_scan', 'Diagnostic scan', 'extra', TRUE, 'Scan report attached to job notes.'),
(163, 28, 'engine_oil', 'Engine oil', 'basic', TRUE, 'Oil condition checked.'),
(164, 28, 'oil_filter', 'Oil filter', 'basic', TRUE, 'Filter inspected/replaced as needed.'),
(165, 28, 'air_filter', 'Air filter', 'basic', TRUE, NULL),
(166, 28, 'cabin_filter', 'Cabin filter', 'basic', TRUE, NULL),
(167, 28, 'brake_check', 'Brake check', 'safety', TRUE, 'Pads and discs inspected.'),
(168, 28, 'diagnostic_scan', 'Diagnostic scan', 'extra', TRUE, 'Scan report attached to job notes.'),
(169, 29, 'engine_oil', 'Engine oil', 'basic', TRUE, 'Oil condition checked.'),
(170, 29, 'oil_filter', 'Oil filter', 'basic', TRUE, 'Filter inspected/replaced as needed.'),
(171, 29, 'air_filter', 'Air filter', 'basic', TRUE, NULL),
(172, 29, 'cabin_filter', 'Cabin filter', 'basic', TRUE, NULL),
(173, 29, 'brake_check', 'Brake check', 'safety', TRUE, 'Pads and discs inspected.'),
(174, 29, 'diagnostic_scan', 'Diagnostic scan', 'extra', TRUE, 'Scan report attached to job notes.'),
(175, 30, 'engine_oil', 'Engine oil', 'basic', TRUE, 'Oil condition checked.'),
(176, 30, 'oil_filter', 'Oil filter', 'basic', TRUE, 'Filter inspected/replaced as needed.'),
(177, 30, 'air_filter', 'Air filter', 'basic', TRUE, NULL),
(178, 30, 'cabin_filter', 'Cabin filter', 'basic', TRUE, NULL),
(179, 30, 'brake_check', 'Brake check', 'safety', TRUE, 'Pads and discs inspected.'),
(180, 30, 'diagnostic_scan', 'Diagnostic scan', 'extra', TRUE, 'Scan report attached to job notes.'),
(181, 31, 'engine_oil', 'Engine oil', 'basic', TRUE, 'Oil condition checked.'),
(182, 31, 'oil_filter', 'Oil filter', 'basic', TRUE, 'Filter inspected/replaced as needed.'),
(183, 31, 'air_filter', 'Air filter', 'basic', TRUE, NULL),
(184, 31, 'cabin_filter', 'Cabin filter', 'basic', TRUE, NULL),
(185, 31, 'brake_check', 'Brake check', 'safety', TRUE, 'Pads and discs inspected.'),
(186, 31, 'diagnostic_scan', 'Diagnostic scan', 'extra', TRUE, 'Scan report attached to job notes.'),
(187, 32, 'engine_oil', 'Engine oil', 'basic', TRUE, 'Oil condition checked.'),
(188, 32, 'oil_filter', 'Oil filter', 'basic', TRUE, 'Filter inspected/replaced as needed.'),
(189, 32, 'air_filter', 'Air filter', 'basic', TRUE, NULL),
(190, 32, 'cabin_filter', 'Cabin filter', 'basic', TRUE, NULL),
(191, 32, 'brake_check', 'Brake check', 'safety', TRUE, 'Pads and discs inspected.'),
(192, 32, 'diagnostic_scan', 'Diagnostic scan', 'extra', TRUE, 'Scan report attached to job notes.'),
(193, 33, 'engine_oil', 'Engine oil', 'basic', TRUE, 'Oil condition checked.'),
(194, 33, 'oil_filter', 'Oil filter', 'basic', TRUE, 'Filter inspected/replaced as needed.'),
(195, 33, 'air_filter', 'Air filter', 'basic', TRUE, NULL),
(196, 33, 'cabin_filter', 'Cabin filter', 'basic', TRUE, NULL),
(197, 33, 'brake_check', 'Brake check', 'safety', TRUE, 'Pads and discs inspected.'),
(198, 33, 'diagnostic_scan', 'Diagnostic scan', 'extra', TRUE, 'Scan report attached to job notes.'),
(199, 34, 'engine_oil', 'Engine oil', 'basic', TRUE, 'Oil condition checked.'),
(200, 34, 'oil_filter', 'Oil filter', 'basic', TRUE, 'Filter inspected/replaced as needed.'),
(201, 34, 'air_filter', 'Air filter', 'basic', TRUE, NULL),
(202, 34, 'cabin_filter', 'Cabin filter', 'basic', TRUE, NULL),
(203, 34, 'brake_check', 'Brake check', 'safety', TRUE, 'Pads and discs inspected.'),
(204, 34, 'diagnostic_scan', 'Diagnostic scan', 'extra', TRUE, 'Scan report attached to job notes.'),
(205, 35, 'engine_oil', 'Engine oil', 'basic', TRUE, 'Oil condition checked.'),
(206, 35, 'oil_filter', 'Oil filter', 'basic', TRUE, 'Filter inspected/replaced as needed.'),
(207, 35, 'air_filter', 'Air filter', 'basic', TRUE, NULL),
(208, 35, 'cabin_filter', 'Cabin filter', 'basic', TRUE, NULL),
(209, 35, 'brake_check', 'Brake check', 'safety', TRUE, 'Pads and discs inspected.'),
(210, 35, 'diagnostic_scan', 'Diagnostic scan', 'extra', TRUE, 'Scan report attached to job notes.'),
(211, 36, 'engine_oil', 'Engine oil', 'basic', TRUE, 'Oil condition checked.'),
(212, 36, 'oil_filter', 'Oil filter', 'basic', TRUE, 'Filter inspected/replaced as needed.'),
(213, 36, 'air_filter', 'Air filter', 'basic', TRUE, NULL),
(214, 36, 'cabin_filter', 'Cabin filter', 'basic', TRUE, NULL),
(215, 36, 'brake_check', 'Brake check', 'safety', TRUE, 'Pads and discs inspected.'),
(216, 36, 'diagnostic_scan', 'Diagnostic scan', 'extra', TRUE, 'Scan report attached to job notes.'),
(217, 37, 'engine_oil', 'Engine oil', 'basic', TRUE, 'Oil condition checked.'),
(218, 37, 'oil_filter', 'Oil filter', 'basic', TRUE, 'Filter inspected/replaced as needed.'),
(219, 37, 'air_filter', 'Air filter', 'basic', TRUE, NULL),
(220, 37, 'cabin_filter', 'Cabin filter', 'basic', TRUE, NULL),
(221, 37, 'brake_check', 'Brake check', 'safety', TRUE, 'Pads and discs inspected.'),
(222, 37, 'diagnostic_scan', 'Diagnostic scan', 'extra', TRUE, 'Scan report attached to job notes.'),
(223, 38, 'engine_oil', 'Engine oil', 'basic', TRUE, 'Oil condition checked.'),
(224, 38, 'oil_filter', 'Oil filter', 'basic', TRUE, 'Filter inspected/replaced as needed.'),
(225, 38, 'air_filter', 'Air filter', 'basic', TRUE, NULL),
(226, 38, 'cabin_filter', 'Cabin filter', 'basic', TRUE, NULL),
(227, 38, 'brake_check', 'Brake check', 'safety', TRUE, 'Pads and discs inspected.'),
(228, 38, 'diagnostic_scan', 'Diagnostic scan', 'extra', TRUE, 'Scan report attached to job notes.'),
(229, 39, 'engine_oil', 'Engine oil', 'basic', TRUE, 'Oil condition checked.'),
(230, 39, 'oil_filter', 'Oil filter', 'basic', TRUE, 'Filter inspected/replaced as needed.'),
(231, 39, 'air_filter', 'Air filter', 'basic', TRUE, NULL),
(232, 39, 'cabin_filter', 'Cabin filter', 'basic', TRUE, NULL),
(233, 39, 'brake_check', 'Brake check', 'safety', TRUE, 'Pads and discs inspected.'),
(234, 39, 'diagnostic_scan', 'Diagnostic scan', 'extra', TRUE, 'Scan report attached to job notes.'),
(235, 40, 'engine_oil', 'Engine oil', 'basic', TRUE, 'Oil condition checked.'),
(236, 40, 'oil_filter', 'Oil filter', 'basic', TRUE, 'Filter inspected/replaced as needed.'),
(237, 40, 'air_filter', 'Air filter', 'basic', TRUE, NULL),
(238, 40, 'cabin_filter', 'Cabin filter', 'basic', TRUE, NULL),
(239, 40, 'brake_check', 'Brake check', 'safety', TRUE, 'Pads and discs inspected.'),
(240, 40, 'diagnostic_scan', 'Diagnostic scan', 'extra', TRUE, 'Scan report attached to job notes.'),
(241, 41, 'engine_oil', 'Engine oil', 'basic', TRUE, 'Oil condition checked.'),
(242, 41, 'oil_filter', 'Oil filter', 'basic', TRUE, 'Filter inspected/replaced as needed.'),
(243, 41, 'air_filter', 'Air filter', 'basic', TRUE, NULL),
(244, 41, 'cabin_filter', 'Cabin filter', 'basic', TRUE, NULL),
(245, 41, 'brake_check', 'Brake check', 'safety', TRUE, 'Pads and discs inspected.'),
(246, 41, 'diagnostic_scan', 'Diagnostic scan', 'extra', TRUE, 'Scan report attached to job notes.'),
(247, 42, 'engine_oil', 'Engine oil', 'basic', TRUE, 'Oil condition checked.'),
(248, 42, 'oil_filter', 'Oil filter', 'basic', TRUE, 'Filter inspected/replaced as needed.'),
(249, 42, 'air_filter', 'Air filter', 'basic', TRUE, NULL),
(250, 42, 'cabin_filter', 'Cabin filter', 'basic', TRUE, NULL),
(251, 42, 'brake_check', 'Brake check', 'safety', TRUE, 'Pads and discs inspected.'),
(252, 42, 'diagnostic_scan', 'Diagnostic scan', 'extra', TRUE, 'Scan report attached to job notes.'),
(253, 43, 'engine_oil', 'Engine oil', 'basic', TRUE, 'Oil condition checked.'),
(254, 43, 'oil_filter', 'Oil filter', 'basic', TRUE, 'Filter inspected/replaced as needed.'),
(255, 43, 'air_filter', 'Air filter', 'basic', TRUE, NULL),
(256, 43, 'cabin_filter', 'Cabin filter', 'basic', TRUE, NULL),
(257, 43, 'brake_check', 'Brake check', 'safety', TRUE, 'Pads and discs inspected.'),
(258, 43, 'diagnostic_scan', 'Diagnostic scan', 'extra', TRUE, 'Scan report attached to job notes.'),
(259, 44, 'engine_oil', 'Engine oil', 'basic', TRUE, 'Oil condition checked.'),
(260, 44, 'oil_filter', 'Oil filter', 'basic', TRUE, 'Filter inspected/replaced as needed.'),
(261, 44, 'air_filter', 'Air filter', 'basic', TRUE, NULL),
(262, 44, 'cabin_filter', 'Cabin filter', 'basic', TRUE, NULL),
(263, 44, 'brake_check', 'Brake check', 'safety', TRUE, 'Pads and discs inspected.'),
(264, 44, 'diagnostic_scan', 'Diagnostic scan', 'extra', TRUE, 'Scan report attached to job notes.'),
(265, 45, 'engine_oil', 'Engine oil', 'basic', TRUE, 'Oil condition checked.'),
(266, 45, 'oil_filter', 'Oil filter', 'basic', TRUE, 'Filter inspected/replaced as needed.'),
(267, 45, 'air_filter', 'Air filter', 'basic', TRUE, NULL),
(268, 45, 'cabin_filter', 'Cabin filter', 'basic', TRUE, NULL),
(269, 45, 'brake_check', 'Brake check', 'safety', TRUE, 'Pads and discs inspected.'),
(270, 45, 'diagnostic_scan', 'Diagnostic scan', 'extra', TRUE, 'Scan report attached to job notes.'),
(271, 46, 'engine_oil', 'Engine oil', 'basic', TRUE, 'Oil condition checked.'),
(272, 46, 'oil_filter', 'Oil filter', 'basic', TRUE, 'Filter inspected/replaced as needed.'),
(273, 46, 'air_filter', 'Air filter', 'basic', TRUE, NULL),
(274, 46, 'cabin_filter', 'Cabin filter', 'basic', TRUE, NULL),
(275, 46, 'brake_check', 'Brake check', 'safety', TRUE, 'Pads and discs inspected.'),
(276, 46, 'diagnostic_scan', 'Diagnostic scan', 'extra', TRUE, 'Scan report attached to job notes.'),
(277, 47, 'engine_oil', 'Engine oil', 'basic', TRUE, 'Oil condition checked.'),
(278, 47, 'oil_filter', 'Oil filter', 'basic', TRUE, 'Filter inspected/replaced as needed.'),
(279, 47, 'air_filter', 'Air filter', 'basic', TRUE, NULL),
(280, 47, 'cabin_filter', 'Cabin filter', 'basic', TRUE, NULL),
(281, 47, 'brake_check', 'Brake check', 'safety', TRUE, 'Pads and discs inspected.'),
(282, 47, 'diagnostic_scan', 'Diagnostic scan', 'extra', TRUE, 'Scan report attached to job notes.'),
(283, 48, 'engine_oil', 'Engine oil', 'basic', TRUE, 'Oil condition checked.'),
(284, 48, 'oil_filter', 'Oil filter', 'basic', TRUE, 'Filter inspected/replaced as needed.'),
(285, 48, 'air_filter', 'Air filter', 'basic', TRUE, NULL),
(286, 48, 'cabin_filter', 'Cabin filter', 'basic', TRUE, NULL),
(287, 48, 'brake_check', 'Brake check', 'safety', TRUE, 'Pads and discs inspected.'),
(288, 48, 'diagnostic_scan', 'Diagnostic scan', 'extra', TRUE, 'Scan report attached to job notes.'),
(289, 49, 'engine_oil', 'Engine oil', 'basic', TRUE, 'Oil condition checked.'),
(290, 49, 'oil_filter', 'Oil filter', 'basic', TRUE, 'Filter inspected/replaced as needed.'),
(291, 49, 'air_filter', 'Air filter', 'basic', TRUE, NULL),
(292, 49, 'cabin_filter', 'Cabin filter', 'basic', TRUE, NULL),
(293, 49, 'brake_check', 'Brake check', 'safety', TRUE, 'Pads and discs inspected.'),
(294, 49, 'diagnostic_scan', 'Diagnostic scan', 'extra', TRUE, 'Scan report attached to job notes.'),
(295, 50, 'engine_oil', 'Engine oil', 'basic', TRUE, 'Oil condition checked.'),
(296, 50, 'oil_filter', 'Oil filter', 'basic', TRUE, 'Filter inspected/replaced as needed.'),
(297, 50, 'air_filter', 'Air filter', 'basic', TRUE, NULL),
(298, 50, 'cabin_filter', 'Cabin filter', 'basic', TRUE, NULL),
(299, 50, 'brake_check', 'Brake check', 'safety', TRUE, 'Pads and discs inspected.'),
(300, 50, 'diagnostic_scan', 'Diagnostic scan', 'extra', TRUE, 'Scan report attached to job notes.'),
(301, 51, 'engine_oil', 'Engine oil', 'basic', TRUE, 'Oil condition checked.'),
(302, 51, 'oil_filter', 'Oil filter', 'basic', TRUE, 'Filter inspected/replaced as needed.'),
(303, 51, 'air_filter', 'Air filter', 'basic', TRUE, NULL),
(304, 51, 'cabin_filter', 'Cabin filter', 'basic', TRUE, NULL),
(305, 51, 'brake_check', 'Brake check', 'safety', TRUE, 'Pads and discs inspected.'),
(306, 51, 'diagnostic_scan', 'Diagnostic scan', 'extra', TRUE, 'Scan report attached to job notes.'),
(307, 52, 'engine_oil', 'Engine oil', 'basic', TRUE, 'Oil condition checked.'),
(308, 52, 'oil_filter', 'Oil filter', 'basic', TRUE, 'Filter inspected/replaced as needed.'),
(309, 52, 'air_filter', 'Air filter', 'basic', TRUE, NULL),
(310, 52, 'cabin_filter', 'Cabin filter', 'basic', TRUE, NULL),
(311, 52, 'brake_check', 'Brake check', 'safety', TRUE, 'Pads and discs inspected.'),
(312, 52, 'diagnostic_scan', 'Diagnostic scan', 'extra', TRUE, 'Scan report attached to job notes.'),
(313, 53, 'engine_oil', 'Engine oil', 'basic', TRUE, 'Oil condition checked.'),
(314, 53, 'oil_filter', 'Oil filter', 'basic', TRUE, 'Filter inspected/replaced as needed.'),
(315, 53, 'air_filter', 'Air filter', 'basic', TRUE, NULL),
(316, 53, 'cabin_filter', 'Cabin filter', 'basic', TRUE, NULL),
(317, 53, 'brake_check', 'Brake check', 'safety', TRUE, 'Pads and discs inspected.'),
(318, 53, 'diagnostic_scan', 'Diagnostic scan', 'extra', TRUE, 'Scan report attached to job notes.'),
(319, 54, 'engine_oil', 'Engine oil', 'basic', TRUE, 'Oil condition checked.'),
(320, 54, 'oil_filter', 'Oil filter', 'basic', TRUE, 'Filter inspected/replaced as needed.'),
(321, 54, 'air_filter', 'Air filter', 'basic', TRUE, NULL),
(322, 54, 'cabin_filter', 'Cabin filter', 'basic', TRUE, NULL),
(323, 54, 'brake_check', 'Brake check', 'safety', TRUE, 'Pads and discs inspected.'),
(324, 54, 'diagnostic_scan', 'Diagnostic scan', 'extra', TRUE, 'Scan report attached to job notes.'),
(325, 55, 'engine_oil', 'Engine oil', 'basic', TRUE, 'Oil condition checked.'),
(326, 55, 'oil_filter', 'Oil filter', 'basic', TRUE, 'Filter inspected/replaced as needed.'),
(327, 55, 'air_filter', 'Air filter', 'basic', TRUE, NULL),
(328, 55, 'cabin_filter', 'Cabin filter', 'basic', TRUE, NULL),
(329, 55, 'brake_check', 'Brake check', 'safety', TRUE, 'Pads and discs inspected.'),
(330, 55, 'diagnostic_scan', 'Diagnostic scan', 'extra', TRUE, 'Scan report attached to job notes.'),
(331, 56, 'engine_oil', 'Engine oil', 'basic', TRUE, 'Oil condition checked.'),
(332, 56, 'oil_filter', 'Oil filter', 'basic', TRUE, 'Filter inspected/replaced as needed.'),
(333, 56, 'air_filter', 'Air filter', 'basic', TRUE, NULL),
(334, 56, 'cabin_filter', 'Cabin filter', 'basic', TRUE, NULL),
(335, 56, 'brake_check', 'Brake check', 'safety', TRUE, 'Pads and discs inspected.'),
(336, 56, 'diagnostic_scan', 'Diagnostic scan', 'extra', TRUE, 'Scan report attached to job notes.'),
(337, 57, 'engine_oil', 'Engine oil', 'basic', TRUE, 'Oil condition checked.'),
(338, 57, 'oil_filter', 'Oil filter', 'basic', TRUE, 'Filter inspected/replaced as needed.'),
(339, 57, 'air_filter', 'Air filter', 'basic', TRUE, NULL),
(340, 57, 'cabin_filter', 'Cabin filter', 'basic', TRUE, NULL),
(341, 57, 'brake_check', 'Brake check', 'safety', TRUE, 'Pads and discs inspected.'),
(342, 57, 'diagnostic_scan', 'Diagnostic scan', 'extra', TRUE, 'Scan report attached to job notes.'),
(343, 58, 'engine_oil', 'Engine oil', 'basic', TRUE, 'Oil condition checked.'),
(344, 58, 'oil_filter', 'Oil filter', 'basic', TRUE, 'Filter inspected/replaced as needed.'),
(345, 58, 'air_filter', 'Air filter', 'basic', TRUE, NULL),
(346, 58, 'cabin_filter', 'Cabin filter', 'basic', TRUE, NULL),
(347, 58, 'brake_check', 'Brake check', 'safety', TRUE, 'Pads and discs inspected.'),
(348, 58, 'diagnostic_scan', 'Diagnostic scan', 'extra', TRUE, 'Scan report attached to job notes.'),
(349, 59, 'engine_oil', 'Engine oil', 'basic', TRUE, 'Oil condition checked.'),
(350, 59, 'oil_filter', 'Oil filter', 'basic', TRUE, 'Filter inspected/replaced as needed.'),
(351, 59, 'air_filter', 'Air filter', 'basic', TRUE, NULL),
(352, 59, 'cabin_filter', 'Cabin filter', 'basic', TRUE, NULL),
(353, 59, 'brake_check', 'Brake check', 'safety', TRUE, 'Pads and discs inspected.'),
(354, 59, 'diagnostic_scan', 'Diagnostic scan', 'extra', TRUE, 'Scan report attached to job notes.'),
(355, 60, 'engine_oil', 'Engine oil', 'basic', TRUE, 'Oil condition checked.'),
(356, 60, 'oil_filter', 'Oil filter', 'basic', TRUE, 'Filter inspected/replaced as needed.'),
(357, 60, 'air_filter', 'Air filter', 'basic', TRUE, NULL),
(358, 60, 'cabin_filter', 'Cabin filter', 'basic', TRUE, NULL),
(359, 60, 'brake_check', 'Brake check', 'safety', TRUE, 'Pads and discs inspected.'),
(360, 60, 'diagnostic_scan', 'Diagnostic scan', 'extra', TRUE, 'Scan report attached to job notes.'),
(361, 61, 'engine_oil', 'Engine oil', 'basic', TRUE, 'Oil condition checked.'),
(362, 61, 'oil_filter', 'Oil filter', 'basic', TRUE, 'Filter inspected/replaced as needed.'),
(363, 61, 'air_filter', 'Air filter', 'basic', TRUE, NULL),
(364, 61, 'cabin_filter', 'Cabin filter', 'basic', TRUE, NULL),
(365, 61, 'brake_check', 'Brake check', 'safety', TRUE, 'Pads and discs inspected.'),
(366, 61, 'diagnostic_scan', 'Diagnostic scan', 'extra', TRUE, 'Scan report attached to job notes.'),
(367, 62, 'engine_oil', 'Engine oil', 'basic', TRUE, 'Oil condition checked.'),
(368, 62, 'oil_filter', 'Oil filter', 'basic', TRUE, 'Filter inspected/replaced as needed.'),
(369, 62, 'air_filter', 'Air filter', 'basic', TRUE, NULL),
(370, 62, 'cabin_filter', 'Cabin filter', 'basic', TRUE, NULL),
(371, 62, 'brake_check', 'Brake check', 'safety', TRUE, 'Pads and discs inspected.'),
(372, 62, 'diagnostic_scan', 'Diagnostic scan', 'extra', TRUE, 'Scan report attached to job notes.'),
(373, 63, 'engine_oil', 'Engine oil', 'basic', TRUE, 'Oil condition checked.'),
(374, 63, 'oil_filter', 'Oil filter', 'basic', TRUE, 'Filter inspected/replaced as needed.'),
(375, 63, 'air_filter', 'Air filter', 'basic', TRUE, NULL),
(376, 63, 'cabin_filter', 'Cabin filter', 'basic', TRUE, NULL),
(377, 63, 'brake_check', 'Brake check', 'safety', TRUE, 'Pads and discs inspected.'),
(378, 63, 'diagnostic_scan', 'Diagnostic scan', 'extra', TRUE, 'Scan report attached to job notes.'),
(379, 64, 'engine_oil', 'Engine oil', 'basic', TRUE, 'Oil condition checked.'),
(380, 64, 'oil_filter', 'Oil filter', 'basic', TRUE, 'Filter inspected/replaced as needed.'),
(381, 64, 'air_filter', 'Air filter', 'basic', TRUE, NULL),
(382, 64, 'cabin_filter', 'Cabin filter', 'basic', TRUE, NULL),
(383, 64, 'brake_check', 'Brake check', 'safety', TRUE, 'Pads and discs inspected.'),
(384, 64, 'diagnostic_scan', 'Diagnostic scan', 'extra', TRUE, 'Scan report attached to job notes.'),
(385, 65, 'engine_oil', 'Engine oil', 'basic', TRUE, 'Oil condition checked.'),
(386, 65, 'oil_filter', 'Oil filter', 'basic', TRUE, 'Filter inspected/replaced as needed.'),
(387, 65, 'air_filter', 'Air filter', 'basic', TRUE, NULL),
(388, 65, 'cabin_filter', 'Cabin filter', 'basic', TRUE, NULL),
(389, 65, 'brake_check', 'Brake check', 'safety', TRUE, 'Pads and discs inspected.'),
(390, 65, 'diagnostic_scan', 'Diagnostic scan', 'extra', TRUE, 'Scan report attached to job notes.'),
(391, 66, 'engine_oil', 'Engine oil', 'basic', TRUE, 'Oil condition checked.'),
(392, 66, 'oil_filter', 'Oil filter', 'basic', TRUE, 'Filter inspected/replaced as needed.'),
(393, 66, 'air_filter', 'Air filter', 'basic', TRUE, NULL),
(394, 66, 'cabin_filter', 'Cabin filter', 'basic', TRUE, NULL),
(395, 66, 'brake_check', 'Brake check', 'safety', TRUE, 'Pads and discs inspected.'),
(396, 66, 'diagnostic_scan', 'Diagnostic scan', 'extra', TRUE, 'Scan report attached to job notes.'),
(397, 67, 'engine_oil', 'Engine oil', 'basic', TRUE, 'Oil condition checked.'),
(398, 67, 'oil_filter', 'Oil filter', 'basic', TRUE, 'Filter inspected/replaced as needed.'),
(399, 67, 'air_filter', 'Air filter', 'basic', TRUE, NULL),
(400, 67, 'cabin_filter', 'Cabin filter', 'basic', TRUE, NULL),
(401, 67, 'brake_check', 'Brake check', 'safety', TRUE, 'Pads and discs inspected.'),
(402, 67, 'diagnostic_scan', 'Diagnostic scan', 'extra', TRUE, 'Scan report attached to job notes.'),
(403, 68, 'engine_oil', 'Engine oil', 'basic', TRUE, 'Oil condition checked.'),
(404, 68, 'oil_filter', 'Oil filter', 'basic', TRUE, 'Filter inspected/replaced as needed.'),
(405, 68, 'air_filter', 'Air filter', 'basic', TRUE, NULL),
(406, 68, 'cabin_filter', 'Cabin filter', 'basic', TRUE, NULL),
(407, 68, 'brake_check', 'Brake check', 'safety', TRUE, 'Pads and discs inspected.'),
(408, 68, 'diagnostic_scan', 'Diagnostic scan', 'extra', TRUE, 'Scan report attached to job notes.'),
(409, 69, 'engine_oil', 'Engine oil', 'basic', TRUE, 'Oil condition checked.'),
(410, 69, 'oil_filter', 'Oil filter', 'basic', TRUE, 'Filter inspected/replaced as needed.'),
(411, 69, 'air_filter', 'Air filter', 'basic', TRUE, NULL),
(412, 69, 'cabin_filter', 'Cabin filter', 'basic', TRUE, NULL),
(413, 69, 'brake_check', 'Brake check', 'safety', TRUE, 'Pads and discs inspected.'),
(414, 69, 'diagnostic_scan', 'Diagnostic scan', 'extra', TRUE, 'Scan report attached to job notes.'),
(415, 70, 'engine_oil', 'Engine oil', 'basic', TRUE, 'Oil condition checked.'),
(416, 70, 'oil_filter', 'Oil filter', 'basic', TRUE, 'Filter inspected/replaced as needed.'),
(417, 70, 'air_filter', 'Air filter', 'basic', TRUE, NULL),
(418, 70, 'cabin_filter', 'Cabin filter', 'basic', TRUE, NULL),
(419, 70, 'brake_check', 'Brake check', 'safety', TRUE, 'Pads and discs inspected.'),
(420, 70, 'diagnostic_scan', 'Diagnostic scan', 'extra', TRUE, 'Scan report attached to job notes.'),
(421, 71, 'engine_oil', 'Engine oil', 'basic', TRUE, 'Oil condition checked.'),
(422, 71, 'oil_filter', 'Oil filter', 'basic', TRUE, 'Filter inspected/replaced as needed.'),
(423, 71, 'air_filter', 'Air filter', 'basic', TRUE, NULL),
(424, 71, 'cabin_filter', 'Cabin filter', 'basic', TRUE, NULL),
(425, 71, 'brake_check', 'Brake check', 'safety', TRUE, 'Pads and discs inspected.'),
(426, 71, 'diagnostic_scan', 'Diagnostic scan', 'extra', TRUE, 'Scan report attached to job notes.'),
(427, 72, 'engine_oil', 'Engine oil', 'basic', TRUE, 'Oil condition checked.'),
(428, 72, 'oil_filter', 'Oil filter', 'basic', TRUE, 'Filter inspected/replaced as needed.'),
(429, 72, 'air_filter', 'Air filter', 'basic', TRUE, NULL),
(430, 72, 'cabin_filter', 'Cabin filter', 'basic', TRUE, NULL),
(431, 72, 'brake_check', 'Brake check', 'safety', TRUE, 'Pads and discs inspected.'),
(432, 72, 'diagnostic_scan', 'Diagnostic scan', 'extra', TRUE, 'Scan report attached to job notes.'),
(433, 73, 'engine_oil', 'Engine oil', 'basic', TRUE, 'Oil condition checked.'),
(434, 73, 'oil_filter', 'Oil filter', 'basic', TRUE, 'Filter inspected/replaced as needed.'),
(435, 73, 'air_filter', 'Air filter', 'basic', TRUE, NULL),
(436, 73, 'cabin_filter', 'Cabin filter', 'basic', TRUE, NULL),
(437, 73, 'brake_check', 'Brake check', 'safety', TRUE, 'Pads and discs inspected.'),
(438, 73, 'diagnostic_scan', 'Diagnostic scan', 'extra', TRUE, 'Scan report attached to job notes.'),
(439, 74, 'engine_oil', 'Engine oil', 'basic', TRUE, 'Oil condition checked.'),
(440, 74, 'oil_filter', 'Oil filter', 'basic', TRUE, 'Filter inspected/replaced as needed.'),
(441, 74, 'air_filter', 'Air filter', 'basic', TRUE, NULL),
(442, 74, 'cabin_filter', 'Cabin filter', 'basic', TRUE, NULL),
(443, 74, 'brake_check', 'Brake check', 'safety', TRUE, 'Pads and discs inspected.'),
(444, 74, 'diagnostic_scan', 'Diagnostic scan', 'extra', TRUE, 'Scan report attached to job notes.'),
(445, 75, 'engine_oil', 'Engine oil', 'basic', TRUE, 'Oil condition checked.'),
(446, 75, 'oil_filter', 'Oil filter', 'basic', TRUE, 'Filter inspected/replaced as needed.'),
(447, 75, 'air_filter', 'Air filter', 'basic', TRUE, NULL),
(448, 75, 'cabin_filter', 'Cabin filter', 'basic', TRUE, NULL),
(449, 75, 'brake_check', 'Brake check', 'safety', TRUE, 'Pads and discs inspected.'),
(450, 75, 'diagnostic_scan', 'Diagnostic scan', 'extra', TRUE, 'Scan report attached to job notes.'),
(451, 76, 'engine_oil', 'Engine oil', 'basic', TRUE, 'Oil condition checked.'),
(452, 76, 'oil_filter', 'Oil filter', 'basic', TRUE, 'Filter inspected/replaced as needed.'),
(453, 76, 'air_filter', 'Air filter', 'basic', TRUE, NULL),
(454, 76, 'cabin_filter', 'Cabin filter', 'basic', TRUE, NULL),
(455, 76, 'brake_check', 'Brake check', 'safety', TRUE, 'Pads and discs inspected.'),
(456, 76, 'diagnostic_scan', 'Diagnostic scan', 'extra', TRUE, 'Scan report attached to job notes.'),
(457, 77, 'engine_oil', 'Engine oil', 'basic', TRUE, 'Oil condition checked.'),
(458, 77, 'oil_filter', 'Oil filter', 'basic', TRUE, 'Filter inspected/replaced as needed.'),
(459, 77, 'air_filter', 'Air filter', 'basic', TRUE, NULL),
(460, 77, 'cabin_filter', 'Cabin filter', 'basic', TRUE, NULL),
(461, 77, 'brake_check', 'Brake check', 'safety', TRUE, 'Pads and discs inspected.'),
(462, 77, 'diagnostic_scan', 'Diagnostic scan', 'extra', TRUE, 'Scan report attached to job notes.'),
(463, 78, 'engine_oil', 'Engine oil', 'basic', TRUE, 'Oil condition checked.'),
(464, 78, 'oil_filter', 'Oil filter', 'basic', TRUE, 'Filter inspected/replaced as needed.'),
(465, 78, 'air_filter', 'Air filter', 'basic', TRUE, NULL),
(466, 78, 'cabin_filter', 'Cabin filter', 'basic', TRUE, NULL),
(467, 78, 'brake_check', 'Brake check', 'safety', TRUE, 'Pads and discs inspected.'),
(468, 78, 'diagnostic_scan', 'Diagnostic scan', 'extra', TRUE, 'Scan report attached to job notes.'),
(469, 79, 'engine_oil', 'Engine oil', 'basic', TRUE, 'Oil condition checked.'),
(470, 79, 'oil_filter', 'Oil filter', 'basic', TRUE, 'Filter inspected/replaced as needed.'),
(471, 79, 'air_filter', 'Air filter', 'basic', TRUE, NULL),
(472, 79, 'cabin_filter', 'Cabin filter', 'basic', TRUE, NULL),
(473, 79, 'brake_check', 'Brake check', 'safety', TRUE, 'Pads and discs inspected.'),
(474, 79, 'diagnostic_scan', 'Diagnostic scan', 'extra', TRUE, 'Scan report attached to job notes.'),
(475, 80, 'engine_oil', 'Engine oil', 'basic', TRUE, 'Oil condition checked.'),
(476, 80, 'oil_filter', 'Oil filter', 'basic', TRUE, 'Filter inspected/replaced as needed.'),
(477, 80, 'air_filter', 'Air filter', 'basic', TRUE, NULL),
(478, 80, 'cabin_filter', 'Cabin filter', 'basic', TRUE, NULL),
(479, 80, 'brake_check', 'Brake check', 'safety', TRUE, 'Pads and discs inspected.'),
(480, 80, 'diagnostic_scan', 'Diagnostic scan', 'extra', TRUE, 'Scan report attached to job notes.'),
(481, 81, 'engine_oil', 'Engine oil', 'basic', TRUE, 'Oil condition checked.'),
(482, 81, 'oil_filter', 'Oil filter', 'basic', TRUE, 'Filter inspected/replaced as needed.'),
(483, 81, 'air_filter', 'Air filter', 'basic', TRUE, NULL),
(484, 81, 'cabin_filter', 'Cabin filter', 'basic', TRUE, NULL),
(485, 81, 'brake_check', 'Brake check', 'safety', TRUE, 'Pads and discs inspected.'),
(486, 81, 'diagnostic_scan', 'Diagnostic scan', 'extra', TRUE, 'Scan report attached to job notes.'),
(487, 82, 'engine_oil', 'Engine oil', 'basic', TRUE, 'Oil condition checked.'),
(488, 82, 'oil_filter', 'Oil filter', 'basic', TRUE, 'Filter inspected/replaced as needed.'),
(489, 82, 'air_filter', 'Air filter', 'basic', TRUE, NULL),
(490, 82, 'cabin_filter', 'Cabin filter', 'basic', TRUE, NULL),
(491, 82, 'brake_check', 'Brake check', 'safety', TRUE, 'Pads and discs inspected.'),
(492, 82, 'diagnostic_scan', 'Diagnostic scan', 'extra', TRUE, 'Scan report attached to job notes.'),
(493, 83, 'engine_oil', 'Engine oil', 'basic', TRUE, 'Oil condition checked.'),
(494, 83, 'oil_filter', 'Oil filter', 'basic', TRUE, 'Filter inspected/replaced as needed.'),
(495, 83, 'air_filter', 'Air filter', 'basic', TRUE, NULL),
(496, 83, 'cabin_filter', 'Cabin filter', 'basic', TRUE, NULL),
(497, 83, 'brake_check', 'Brake check', 'safety', TRUE, 'Pads and discs inspected.'),
(498, 83, 'diagnostic_scan', 'Diagnostic scan', 'extra', TRUE, 'Scan report attached to job notes.'),
(499, 84, 'engine_oil', 'Engine oil', 'basic', TRUE, 'Oil condition checked.'),
(500, 84, 'oil_filter', 'Oil filter', 'basic', TRUE, 'Filter inspected/replaced as needed.'),
(501, 84, 'air_filter', 'Air filter', 'basic', TRUE, NULL),
(502, 84, 'cabin_filter', 'Cabin filter', 'basic', TRUE, NULL),
(503, 84, 'brake_check', 'Brake check', 'safety', TRUE, 'Pads and discs inspected.'),
(504, 84, 'diagnostic_scan', 'Diagnostic scan', 'extra', TRUE, 'Scan report attached to job notes.'),
(505, 85, 'engine_oil', 'Engine oil', 'basic', TRUE, 'Oil condition checked.'),
(506, 85, 'oil_filter', 'Oil filter', 'basic', TRUE, 'Filter inspected/replaced as needed.'),
(507, 85, 'air_filter', 'Air filter', 'basic', TRUE, NULL),
(508, 85, 'cabin_filter', 'Cabin filter', 'basic', TRUE, NULL),
(509, 85, 'brake_check', 'Brake check', 'safety', TRUE, 'Pads and discs inspected.'),
(510, 85, 'diagnostic_scan', 'Diagnostic scan', 'extra', TRUE, 'Scan report attached to job notes.'),
(511, 86, 'engine_oil', 'Engine oil', 'basic', TRUE, 'Oil condition checked.'),
(512, 86, 'oil_filter', 'Oil filter', 'basic', TRUE, 'Filter inspected/replaced as needed.'),
(513, 86, 'air_filter', 'Air filter', 'basic', TRUE, NULL),
(514, 86, 'cabin_filter', 'Cabin filter', 'basic', TRUE, NULL),
(515, 86, 'brake_check', 'Brake check', 'safety', TRUE, 'Pads and discs inspected.'),
(516, 86, 'diagnostic_scan', 'Diagnostic scan', 'extra', TRUE, 'Scan report attached to job notes.'),
(517, 87, 'engine_oil', 'Engine oil', 'basic', TRUE, 'Oil condition checked.'),
(518, 87, 'oil_filter', 'Oil filter', 'basic', TRUE, 'Filter inspected/replaced as needed.'),
(519, 87, 'air_filter', 'Air filter', 'basic', TRUE, NULL),
(520, 87, 'cabin_filter', 'Cabin filter', 'basic', TRUE, NULL),
(521, 87, 'brake_check', 'Brake check', 'safety', TRUE, 'Pads and discs inspected.'),
(522, 87, 'diagnostic_scan', 'Diagnostic scan', 'extra', TRUE, 'Scan report attached to job notes.'),
(523, 88, 'engine_oil', 'Engine oil', 'basic', TRUE, 'Oil condition checked.'),
(524, 88, 'oil_filter', 'Oil filter', 'basic', TRUE, 'Filter inspected/replaced as needed.'),
(525, 88, 'air_filter', 'Air filter', 'basic', TRUE, NULL),
(526, 88, 'cabin_filter', 'Cabin filter', 'basic', TRUE, NULL),
(527, 88, 'brake_check', 'Brake check', 'safety', TRUE, 'Pads and discs inspected.'),
(528, 88, 'diagnostic_scan', 'Diagnostic scan', 'extra', TRUE, 'Scan report attached to job notes.'),
(529, 89, 'engine_oil', 'Engine oil', 'basic', TRUE, 'Oil condition checked.'),
(530, 89, 'oil_filter', 'Oil filter', 'basic', TRUE, 'Filter inspected/replaced as needed.'),
(531, 89, 'air_filter', 'Air filter', 'basic', TRUE, NULL),
(532, 89, 'cabin_filter', 'Cabin filter', 'basic', TRUE, NULL),
(533, 89, 'brake_check', 'Brake check', 'safety', TRUE, 'Pads and discs inspected.'),
(534, 89, 'diagnostic_scan', 'Diagnostic scan', 'extra', TRUE, 'Scan report attached to job notes.'),
(535, 90, 'engine_oil', 'Engine oil', 'basic', TRUE, 'Oil condition checked.'),
(536, 90, 'oil_filter', 'Oil filter', 'basic', TRUE, 'Filter inspected/replaced as needed.'),
(537, 90, 'air_filter', 'Air filter', 'basic', TRUE, NULL),
(538, 90, 'cabin_filter', 'Cabin filter', 'basic', TRUE, NULL),
(539, 90, 'brake_check', 'Brake check', 'safety', TRUE, 'Pads and discs inspected.'),
(540, 90, 'diagnostic_scan', 'Diagnostic scan', 'extra', TRUE, 'Scan report attached to job notes.');

INSERT INTO labor_entries (id, job_id, mechanic_id, description, hours_worked, hourly_rate, entry_date) VALUES
(1, 1, 3, 'Scheduled service', 1.05, 41, '2026-06-03 08:45:00.000'),
(2, 1, 3, 'Service checklist', 1, 41, '2026-06-03 11:45:00.000'),
(3, 2, 4, 'Brake system repair', 1.40, 36, '2026-06-04 08:45:00.000'),
(4, 2, 4, 'Fault tracing', 1.40, 36, '2026-06-04 11:45:00.000'),
(5, 3, 5, 'Electrical diagnosis', 1.75, 43, '2026-06-05 08:45:00.000'),
(6, 3, 5, 'Workshop cleanup and QA', 1.80, 43, '2026-06-05 11:45:00.000'),
(7, 3, 5, 'Additional road test and adjustments', 0.80, 43, '2026-06-05 14:45:00.000'),
(8, 4, 2, 'Cooling system repair', 2.10, 38, '2026-06-06 08:45:00.000'),
(9, 4, 2, 'Customer requested extras', 0.60, 38, '2026-06-06 11:45:00.000'),
(10, 5, 3, 'Road test and final checks', 0.70, 41, '2026-06-07 08:45:00.000'),
(11, 5, 3, 'Parts fitting', 1, 41, '2026-06-07 11:45:00.000'),
(12, 6, 4, 'Diagnostic inspection', 1.05, 36, '2026-06-08 08:45:00.000'),
(13, 6, 4, 'Service checklist', 1.40, 36, '2026-06-08 11:45:00.000'),
(14, 6, 4, 'Additional road test and adjustments', 0.80, 36, '2026-06-08 14:45:00.000'),
(15, 7, 5, 'Scheduled service', 1.40, 43, '2026-06-09 08:45:00.000'),
(16, 7, 5, 'Fault tracing', 1.80, 43, '2026-06-09 11:45:00.000'),
(17, 8, 2, 'Brake system repair', 1.75, 38, '2026-06-10 08:45:00.000'),
(18, 8, 2, 'Workshop cleanup and QA', 0.60, 38, '2026-06-10 11:45:00.000'),
(19, 9, 3, 'Electrical diagnosis', 2.10, 41, '2026-06-11 08:45:00.000'),
(20, 9, 3, 'Customer requested extras', 1, 41, '2026-06-11 11:45:00.000'),
(21, 9, 3, 'Additional road test and adjustments', 0.80, 41, '2026-06-11 14:45:00.000'),
(22, 10, 4, 'Cooling system repair', 0.70, 36, '2026-06-12 08:45:00.000'),
(23, 10, 4, 'Parts fitting', 1.40, 36, '2026-06-12 11:45:00.000'),
(24, 11, 5, 'Road test and final checks', 1.05, 43, '2026-06-13 08:45:00.000'),
(25, 11, 5, 'Service checklist', 1.80, 43, '2026-06-13 11:45:00.000'),
(26, 12, 2, 'Diagnostic inspection', 1.40, 38, '2026-06-14 08:45:00.000'),
(27, 12, 2, 'Fault tracing', 0.60, 38, '2026-06-14 11:45:00.000'),
(28, 12, 2, 'Additional road test and adjustments', 0.80, 38, '2026-06-14 14:45:00.000'),
(29, 13, 3, 'Scheduled service', 1.75, 41, '2026-06-15 08:45:00.000'),
(30, 13, 3, 'Workshop cleanup and QA', 1, 41, '2026-06-15 11:45:00.000'),
(31, 14, 4, 'Brake system repair', 2.10, 36, '2026-06-16 08:45:00.000'),
(32, 14, 4, 'Customer requested extras', 1.40, 36, '2026-06-16 11:45:00.000'),
(33, 15, 5, 'Electrical diagnosis', 0.70, 43, '2026-06-02 08:45:00.000'),
(34, 15, 5, 'Parts fitting', 1.80, 43, '2026-06-02 11:45:00.000'),
(35, 15, 5, 'Additional road test and adjustments', 0.80, 43, '2026-06-02 14:45:00.000'),
(36, 16, 2, 'Cooling system repair', 1.05, 38, '2026-06-03 08:45:00.000'),
(37, 16, 2, 'Service checklist', 0.60, 38, '2026-06-03 11:45:00.000'),
(38, 17, 3, 'Road test and final checks', 1.40, 41, '2026-06-04 08:45:00.000'),
(39, 17, 3, 'Fault tracing', 1, 41, '2026-06-04 11:45:00.000'),
(40, 18, 4, 'Diagnostic inspection', 1.75, 36, '2026-06-05 08:45:00.000'),
(41, 18, 4, 'Workshop cleanup and QA', 1.40, 36, '2026-06-05 11:45:00.000'),
(42, 18, 4, 'Additional road test and adjustments', 0.80, 36, '2026-06-05 14:45:00.000'),
(43, 19, 5, 'Scheduled service', 2.10, 43, '2026-04-08 09:00:00.000'),
(44, 19, 5, 'Customer requested extras', 1.80, 43, '2026-04-08 12:00:00.000'),
(45, 20, 2, 'Brake system repair', 0.70, 38, '2026-04-13 09:00:00.000'),
(46, 20, 2, 'Parts fitting', 0.60, 38, '2026-04-13 12:00:00.000'),
(47, 21, 3, 'Electrical diagnosis', 1.05, 41, '2026-04-18 09:00:00.000'),
(48, 21, 3, 'Service checklist', 1, 41, '2026-04-18 12:00:00.000'),
(49, 21, 3, 'Additional road test and adjustments', 0.80, 41, '2026-04-18 15:00:00.000'),
(50, 22, 4, 'Cooling system repair', 1.40, 36, '2026-04-23 09:00:00.000'),
(51, 22, 4, 'Fault tracing', 1.40, 36, '2026-04-23 12:00:00.000'),
(52, 23, 5, 'Road test and final checks', 1.75, 43, '2026-04-28 09:00:00.000'),
(53, 23, 5, 'Workshop cleanup and QA', 1.80, 43, '2026-04-28 12:00:00.000'),
(54, 24, 2, 'Diagnostic inspection', 2.10, 38, '2026-05-03 09:00:00.000'),
(55, 24, 2, 'Customer requested extras', 0.60, 38, '2026-05-03 12:00:00.000'),
(56, 24, 2, 'Additional road test and adjustments', 0.80, 38, '2026-05-03 15:00:00.000'),
(57, 25, 3, 'Scheduled service', 0.70, 41, '2026-05-08 09:00:00.000'),
(58, 25, 3, 'Parts fitting', 1, 41, '2026-05-08 12:00:00.000'),
(59, 26, 4, 'Brake system repair', 1.05, 36, '2026-05-13 09:00:00.000'),
(60, 26, 4, 'Service checklist', 1.40, 36, '2026-05-13 12:00:00.000'),
(61, 27, 5, 'Electrical diagnosis', 1.40, 43, '2026-05-18 09:00:00.000'),
(62, 27, 5, 'Fault tracing', 1.80, 43, '2026-05-18 12:00:00.000'),
(63, 27, 5, 'Additional road test and adjustments', 0.80, 43, '2026-05-18 15:00:00.000'),
(64, 28, 2, 'Cooling system repair', 1.75, 38, '2026-05-23 09:00:00.000'),
(65, 28, 2, 'Workshop cleanup and QA', 0.60, 38, '2026-05-23 12:00:00.000'),
(66, 29, 3, 'Road test and final checks', 2.10, 41, '2026-05-28 09:00:00.000'),
(67, 29, 3, 'Customer requested extras', 1, 41, '2026-05-28 12:00:00.000'),
(68, 30, 4, 'Diagnostic inspection', 0.70, 36, '2026-06-02 09:00:00.000'),
(69, 30, 4, 'Parts fitting', 1.40, 36, '2026-06-02 12:00:00.000'),
(70, 30, 4, 'Additional road test and adjustments', 0.80, 36, '2026-06-02 15:00:00.000'),
(71, 31, 5, 'Scheduled service', 1.05, 43, '2026-06-07 09:00:00.000'),
(72, 31, 5, 'Service checklist', 1.80, 43, '2026-06-07 12:00:00.000'),
(73, 32, 2, 'Brake system repair', 1.40, 38, '2026-06-12 09:00:00.000'),
(74, 32, 2, 'Fault tracing', 0.60, 38, '2026-06-12 12:00:00.000'),
(75, 33, 3, 'Electrical diagnosis', 1.75, 41, '2026-01-05 09:00:00.000'),
(76, 33, 3, 'Workshop cleanup and QA', 1, 41, '2026-01-05 12:00:00.000'),
(77, 33, 3, 'Additional road test and adjustments', 0.80, 41, '2026-01-05 15:00:00.000'),
(78, 34, 4, 'Cooling system repair', 2.10, 36, '2026-01-10 09:00:00.000'),
(79, 34, 4, 'Customer requested extras', 1.40, 36, '2026-01-10 12:00:00.000'),
(80, 35, 5, 'Road test and final checks', 0.70, 43, '2026-01-15 09:00:00.000'),
(81, 35, 5, 'Parts fitting', 1.80, 43, '2026-01-15 12:00:00.000'),
(82, 36, 2, 'Diagnostic inspection', 1.05, 38, '2026-01-20 09:00:00.000'),
(83, 36, 2, 'Service checklist', 0.60, 38, '2026-01-20 12:00:00.000'),
(84, 36, 2, 'Additional road test and adjustments', 0.80, 38, '2026-01-20 15:00:00.000'),
(85, 37, 3, 'Scheduled service', 1.40, 41, '2026-01-25 09:00:00.000'),
(86, 37, 3, 'Fault tracing', 1, 41, '2026-01-25 12:00:00.000'),
(87, 38, 4, 'Brake system repair', 1.75, 36, '2026-01-30 09:00:00.000'),
(88, 38, 4, 'Workshop cleanup and QA', 1.40, 36, '2026-01-30 12:00:00.000'),
(89, 39, 5, 'Electrical diagnosis', 2.10, 43, '2026-02-04 09:00:00.000'),
(90, 39, 5, 'Customer requested extras', 1.80, 43, '2026-02-04 12:00:00.000'),
(91, 39, 5, 'Additional road test and adjustments', 0.80, 43, '2026-02-04 15:00:00.000'),
(92, 40, 2, 'Cooling system repair', 0.70, 38, '2026-02-09 09:00:00.000'),
(93, 40, 2, 'Parts fitting', 0.60, 38, '2026-02-09 12:00:00.000'),
(94, 41, 3, 'Road test and final checks', 1.05, 41, '2026-02-14 09:00:00.000'),
(95, 41, 3, 'Service checklist', 1, 41, '2026-02-14 12:00:00.000'),
(96, 42, 4, 'Diagnostic inspection', 1.40, 36, '2026-02-19 09:00:00.000'),
(97, 42, 4, 'Fault tracing', 1.40, 36, '2026-02-19 12:00:00.000'),
(98, 42, 4, 'Additional road test and adjustments', 0.80, 36, '2026-02-19 15:00:00.000'),
(99, 43, 5, 'Scheduled service', 1.75, 43, '2026-02-24 09:00:00.000'),
(100, 43, 5, 'Workshop cleanup and QA', 1.80, 43, '2026-02-24 12:00:00.000'),
(101, 44, 2, 'Brake system repair', 2.10, 38, '2026-03-01 09:00:00.000'),
(102, 44, 2, 'Customer requested extras', 0.60, 38, '2026-03-01 12:00:00.000'),
(103, 45, 3, 'Electrical diagnosis', 0.70, 41, '2026-03-06 09:00:00.000'),
(104, 45, 3, 'Parts fitting', 1, 41, '2026-03-06 12:00:00.000'),
(105, 45, 3, 'Additional road test and adjustments', 0.80, 41, '2026-03-06 15:00:00.000'),
(106, 46, 4, 'Cooling system repair', 1.05, 36, '2026-03-11 09:00:00.000'),
(107, 46, 4, 'Service checklist', 1.40, 36, '2026-03-11 12:00:00.000'),
(108, 47, 5, 'Road test and final checks', 1.40, 43, '2026-03-16 09:00:00.000'),
(109, 47, 5, 'Fault tracing', 1.80, 43, '2026-03-16 12:00:00.000'),
(110, 48, 2, 'Diagnostic inspection', 1.75, 38, '2026-03-21 09:00:00.000'),
(111, 48, 2, 'Workshop cleanup and QA', 0.60, 38, '2026-03-21 12:00:00.000'),
(112, 48, 2, 'Additional road test and adjustments', 0.80, 38, '2026-03-21 15:00:00.000'),
(113, 49, 3, 'Scheduled service', 2.10, 41, '2026-03-26 09:00:00.000'),
(114, 49, 3, 'Customer requested extras', 1, 41, '2026-03-26 12:00:00.000'),
(115, 50, 4, 'Brake system repair', 0.70, 36, '2026-03-31 09:00:00.000'),
(116, 50, 4, 'Parts fitting', 1.40, 36, '2026-03-31 12:00:00.000'),
(117, 51, 5, 'Electrical diagnosis', 1.05, 43, '2026-04-05 09:00:00.000'),
(118, 51, 5, 'Service checklist', 1.80, 43, '2026-04-05 12:00:00.000'),
(119, 51, 5, 'Additional road test and adjustments', 0.80, 43, '2026-04-05 15:00:00.000'),
(120, 52, 2, 'Cooling system repair', 1.40, 38, '2026-04-10 09:00:00.000'),
(121, 52, 2, 'Fault tracing', 0.60, 38, '2026-04-10 12:00:00.000'),
(122, 53, 3, 'Road test and final checks', 1.75, 41, '2026-04-15 09:00:00.000'),
(123, 53, 3, 'Workshop cleanup and QA', 1, 41, '2026-04-15 12:00:00.000'),
(124, 54, 4, 'Diagnostic inspection', 2.10, 36, '2026-04-20 09:00:00.000'),
(125, 54, 4, 'Customer requested extras', 1.40, 36, '2026-04-20 12:00:00.000'),
(126, 54, 4, 'Additional road test and adjustments', 0.80, 36, '2026-04-20 15:00:00.000'),
(127, 55, 5, 'Scheduled service', 0.70, 43, '2026-04-25 09:00:00.000'),
(128, 55, 5, 'Parts fitting', 1.80, 43, '2026-04-25 12:00:00.000'),
(129, 56, 2, 'Brake system repair', 1.05, 38, '2026-04-30 09:00:00.000'),
(130, 56, 2, 'Service checklist', 0.60, 38, '2026-04-30 12:00:00.000'),
(131, 57, 3, 'Electrical diagnosis', 1.40, 41, '2026-05-05 09:00:00.000'),
(132, 57, 3, 'Fault tracing', 1, 41, '2026-05-05 12:00:00.000'),
(133, 57, 3, 'Additional road test and adjustments', 0.80, 41, '2026-05-05 15:00:00.000'),
(134, 58, 4, 'Cooling system repair', 1.75, 36, '2026-05-10 09:00:00.000'),
(135, 58, 4, 'Workshop cleanup and QA', 1.40, 36, '2026-05-10 12:00:00.000'),
(136, 59, 5, 'Road test and final checks', 2.10, 43, '2026-05-15 09:00:00.000'),
(137, 59, 5, 'Customer requested extras', 1.80, 43, '2026-05-15 12:00:00.000'),
(138, 60, 2, 'Diagnostic inspection', 0.70, 38, '2026-05-20 09:00:00.000'),
(139, 60, 2, 'Parts fitting', 0.60, 38, '2026-05-20 12:00:00.000'),
(140, 60, 2, 'Additional road test and adjustments', 0.80, 38, '2026-05-20 15:00:00.000'),
(141, 61, 3, 'Scheduled service', 1.05, 41, '2026-05-25 09:00:00.000'),
(142, 61, 3, 'Service checklist', 1, 41, '2026-05-25 12:00:00.000'),
(143, 62, 4, 'Brake system repair', 1.40, 36, '2026-05-30 09:00:00.000'),
(144, 62, 4, 'Fault tracing', 1.40, 36, '2026-05-30 12:00:00.000'),
(145, 63, 5, 'Electrical diagnosis', 1.75, 43, '2026-06-04 09:00:00.000'),
(146, 63, 5, 'Workshop cleanup and QA', 1.80, 43, '2026-06-04 12:00:00.000'),
(147, 63, 5, 'Additional road test and adjustments', 0.80, 43, '2026-06-04 15:00:00.000'),
(148, 64, 2, 'Cooling system repair', 2.10, 38, '2026-06-09 09:00:00.000'),
(149, 64, 2, 'Customer requested extras', 0.60, 38, '2026-06-09 12:00:00.000'),
(150, 65, 3, 'Road test and final checks', 0.70, 41, '2026-06-14 09:00:00.000'),
(151, 65, 3, 'Parts fitting', 1, 41, '2026-06-14 12:00:00.000'),
(152, 66, 4, 'Diagnostic inspection', 1.05, 36, '2026-01-07 09:00:00.000'),
(153, 66, 4, 'Service checklist', 1.40, 36, '2026-01-07 12:00:00.000'),
(154, 66, 4, 'Additional road test and adjustments', 0.80, 36, '2026-01-07 15:00:00.000'),
(155, 67, 5, 'Scheduled service', 1.40, 43, '2026-01-12 09:00:00.000'),
(156, 67, 5, 'Fault tracing', 1.80, 43, '2026-01-12 12:00:00.000'),
(157, 68, 2, 'Brake system repair', 1.75, 38, '2026-01-17 09:00:00.000'),
(158, 68, 2, 'Workshop cleanup and QA', 0.60, 38, '2026-01-17 12:00:00.000'),
(159, 69, 3, 'Electrical diagnosis', 2.10, 41, '2026-01-22 09:00:00.000'),
(160, 69, 3, 'Customer requested extras', 1, 41, '2026-01-22 12:00:00.000'),
(161, 69, 3, 'Additional road test and adjustments', 0.80, 41, '2026-01-22 15:00:00.000'),
(162, 70, 4, 'Cooling system repair', 0.70, 36, '2026-01-27 09:00:00.000'),
(163, 70, 4, 'Parts fitting', 1.40, 36, '2026-01-27 12:00:00.000'),
(164, 71, 5, 'Road test and final checks', 1.05, 43, '2026-02-01 09:00:00.000'),
(165, 71, 5, 'Service checklist', 1.80, 43, '2026-02-01 12:00:00.000'),
(166, 72, 2, 'Diagnostic inspection', 1.40, 38, '2026-02-06 09:00:00.000'),
(167, 72, 2, 'Fault tracing', 0.60, 38, '2026-02-06 12:00:00.000'),
(168, 72, 2, 'Additional road test and adjustments', 0.80, 38, '2026-02-06 15:00:00.000'),
(169, 73, 3, 'Scheduled service', 1.75, 41, '2026-02-11 09:00:00.000'),
(170, 73, 3, 'Workshop cleanup and QA', 1, 41, '2026-02-11 12:00:00.000'),
(171, 74, 4, 'Brake system repair', 2.10, 36, '2026-02-16 09:00:00.000'),
(172, 74, 4, 'Customer requested extras', 1.40, 36, '2026-02-16 12:00:00.000'),
(173, 75, 5, 'Electrical diagnosis', 0.70, 43, '2026-02-21 09:00:00.000'),
(174, 75, 5, 'Parts fitting', 1.80, 43, '2026-02-21 12:00:00.000'),
(175, 75, 5, 'Additional road test and adjustments', 0.80, 43, '2026-02-21 15:00:00.000'),
(176, 76, 2, 'Cooling system repair', 1.05, 38, '2026-02-26 09:00:00.000'),
(177, 76, 2, 'Service checklist', 0.60, 38, '2026-02-26 12:00:00.000'),
(178, 77, 3, 'Road test and final checks', 1.40, 41, '2026-03-03 09:00:00.000'),
(179, 77, 3, 'Fault tracing', 1, 41, '2026-03-03 12:00:00.000'),
(180, 78, 4, 'Diagnostic inspection', 1.75, 36, '2026-03-08 09:00:00.000'),
(181, 78, 4, 'Workshop cleanup and QA', 1.40, 36, '2026-03-08 12:00:00.000'),
(182, 78, 4, 'Additional road test and adjustments', 0.80, 36, '2026-03-08 15:00:00.000'),
(183, 79, 5, 'Scheduled service', 2.10, 43, '2026-03-13 09:00:00.000'),
(184, 79, 5, 'Customer requested extras', 1.80, 43, '2026-03-13 12:00:00.000'),
(185, 80, 2, 'Brake system repair', 0.70, 38, '2026-03-18 09:00:00.000'),
(186, 80, 2, 'Parts fitting', 0.60, 38, '2026-03-18 12:00:00.000'),
(187, 81, 3, 'Electrical diagnosis', 1.05, 41, '2026-03-23 09:00:00.000'),
(188, 81, 3, 'Service checklist', 1, 41, '2026-03-23 12:00:00.000'),
(189, 81, 3, 'Additional road test and adjustments', 0.80, 41, '2026-03-23 15:00:00.000'),
(190, 82, 4, 'Cooling system repair', 1.40, 36, '2026-03-28 09:00:00.000'),
(191, 82, 4, 'Fault tracing', 1.40, 36, '2026-03-28 12:00:00.000'),
(192, 83, 5, 'Road test and final checks', 1.75, 43, '2026-04-02 09:00:00.000'),
(193, 83, 5, 'Workshop cleanup and QA', 1.80, 43, '2026-04-02 12:00:00.000'),
(194, 84, 2, 'Diagnostic inspection', 2.10, 38, '2026-04-07 09:00:00.000'),
(195, 84, 2, 'Customer requested extras', 0.60, 38, '2026-04-07 12:00:00.000'),
(196, 84, 2, 'Additional road test and adjustments', 0.80, 38, '2026-04-07 15:00:00.000'),
(197, 85, 3, 'Scheduled service', 0.70, 41, '2026-04-12 09:00:00.000'),
(198, 85, 3, 'Parts fitting', 1, 41, '2026-04-12 12:00:00.000'),
(199, 86, 4, 'Brake system repair', 1.05, 36, '2026-04-17 09:00:00.000'),
(200, 86, 4, 'Service checklist', 1.40, 36, '2026-04-17 12:00:00.000'),
(201, 87, 5, 'Electrical diagnosis', 1.40, 43, '2026-04-22 09:00:00.000'),
(202, 87, 5, 'Fault tracing', 1.80, 43, '2026-04-22 12:00:00.000'),
(203, 87, 5, 'Additional road test and adjustments', 0.80, 43, '2026-04-22 15:00:00.000'),
(204, 88, 2, 'Cooling system repair', 1.75, 38, '2026-04-27 09:00:00.000'),
(205, 88, 2, 'Workshop cleanup and QA', 0.60, 38, '2026-04-27 12:00:00.000'),
(206, 89, 3, 'Road test and final checks', 2.10, 41, '2026-05-02 09:00:00.000'),
(207, 89, 3, 'Customer requested extras', 1, 41, '2026-05-02 12:00:00.000'),
(208, 90, 4, 'Diagnostic inspection', 0.70, 36, '2026-05-07 09:00:00.000'),
(209, 90, 4, 'Parts fitting', 1.40, 36, '2026-05-07 12:00:00.000'),
(210, 90, 4, 'Additional road test and adjustments', 0.80, 36, '2026-05-07 15:00:00.000');

INSERT INTO parts_used (id, job_id, part_name, part_number, quantity, unit_price, supplier) VALUES
(1, 1, 'Oil Filter', 'PART-0001-A', 1, 25.50, 'Limassol Auto Parts'),
(2, 1, 'Screen Wash', 'PART-0001-B', 1, 11.75, 'Limassol Auto Parts'),
(3, 2, 'Air Filter', 'PART-0002-A', 1, 33, 'OEM Cyprus'),
(4, 2, 'Wiper Blades', 'PART-0002-B', 1, 17, 'OEM Cyprus'),
(5, 3, 'Cabin Filter', 'PART-0003-A', 1, 40.50, 'Fleet Parts Supply'),
(6, 3, 'Accessory Belt', 'PART-0003-B', 1, 22.25, 'Fleet Parts Supply'),
(7, 4, 'Brake Pads Front', 'PART-0004-A', 1, 48, 'EuroCar Spares'),
(8, 4, 'Thermostat', 'PART-0004-B', 2, 27.50, 'EuroCar Spares'),
(9, 4, 'ABS Sensor', 'PART-0004-C', 1, 144, 'EuroCar Spares'),
(10, 5, 'Battery 70Ah', 'PART-0005-A', 1, 55.50, 'Cyprus Motor Factors'),
(11, 5, 'Bulb Set', 'PART-0005-B', 1, 32.75, 'Cyprus Motor Factors'),
(12, 6, 'Coolant 5L', 'PART-0006-A', 1, 63, 'Limassol Auto Parts'),
(13, 6, 'Tyre Valve Set', 'PART-0006-B', 1, 6.50, 'Limassol Auto Parts'),
(14, 7, 'Spark Plug Set', 'PART-0007-A', 1, 70.50, 'OEM Cyprus'),
(15, 7, 'Brake Cleaner', 'PART-0007-B', 1, 11.75, 'OEM Cyprus'),
(16, 8, 'Engine Oil 5L', 'PART-0008-A', 1, 78, 'Fleet Parts Supply'),
(17, 8, 'Screen Wash', 'PART-0008-B', 2, 17, 'Fleet Parts Supply'),
(18, 8, 'Shock Absorber', 'PART-0008-C', 1, 216, 'Fleet Parts Supply'),
(19, 9, 'Oil Filter', 'PART-0009-A', 1, 18, 'EuroCar Spares'),
(20, 9, 'Wiper Blades', 'PART-0009-B', 1, 22.25, 'EuroCar Spares'),
(21, 10, 'Air Filter', 'PART-0010-A', 1, 25.50, 'Cyprus Motor Factors'),
(22, 10, 'Accessory Belt', 'PART-0010-B', 1, 27.50, 'Cyprus Motor Factors'),
(23, 11, 'Cabin Filter', 'PART-0011-A', 1, 33, 'Limassol Auto Parts'),
(24, 11, 'Thermostat', 'PART-0011-B', 1, 32.75, 'Limassol Auto Parts'),
(25, 12, 'Brake Pads Front', 'PART-0012-A', 1, 40.50, 'OEM Cyprus'),
(26, 12, 'Bulb Set', 'PART-0012-B', 2, 6.50, 'OEM Cyprus'),
(27, 12, 'Alternator', 'PART-0012-C', 1, 108, 'OEM Cyprus'),
(28, 13, 'Battery 70Ah', 'PART-0013-A', 1, 48, 'Fleet Parts Supply'),
(29, 13, 'Tyre Valve Set', 'PART-0013-B', 1, 11.75, 'Fleet Parts Supply'),
(30, 14, 'Coolant 5L', 'PART-0014-A', 1, 55.50, 'EuroCar Spares'),
(31, 14, 'Brake Cleaner', 'PART-0014-B', 1, 17, 'EuroCar Spares'),
(32, 15, 'Spark Plug Set', 'PART-0015-A', 1, 63, 'Cyprus Motor Factors'),
(33, 15, 'Screen Wash', 'PART-0015-B', 1, 22.25, 'Cyprus Motor Factors'),
(34, 16, 'Engine Oil 5L', 'PART-0016-A', 1, 70.50, 'Limassol Auto Parts'),
(35, 16, 'Wiper Blades', 'PART-0016-B', 2, 27.50, 'Limassol Auto Parts'),
(36, 16, 'ABS Sensor', 'PART-0016-C', 1, 180, 'Limassol Auto Parts'),
(37, 17, 'Oil Filter', 'PART-0017-A', 1, 78, 'OEM Cyprus'),
(38, 17, 'Accessory Belt', 'PART-0017-B', 1, 32.75, 'OEM Cyprus'),
(39, 18, 'Air Filter', 'PART-0018-A', 1, 18, 'Fleet Parts Supply'),
(40, 18, 'Thermostat', 'PART-0018-B', 1, 6.50, 'Fleet Parts Supply'),
(41, 19, 'Cabin Filter', 'PART-0019-A', 1, 25.50, 'EuroCar Spares'),
(42, 19, 'Bulb Set', 'PART-0019-B', 1, 11.75, 'EuroCar Spares'),
(43, 20, 'Brake Pads Front', 'PART-0020-A', 1, 33, 'Cyprus Motor Factors'),
(44, 20, 'Tyre Valve Set', 'PART-0020-B', 2, 17, 'Cyprus Motor Factors'),
(45, 20, 'Shock Absorber', 'PART-0020-C', 1, 72, 'Cyprus Motor Factors'),
(46, 21, 'Battery 70Ah', 'PART-0021-A', 1, 40.50, 'Limassol Auto Parts'),
(47, 21, 'Brake Cleaner', 'PART-0021-B', 1, 22.25, 'Limassol Auto Parts'),
(48, 22, 'Coolant 5L', 'PART-0022-A', 1, 48, 'OEM Cyprus'),
(49, 22, 'Screen Wash', 'PART-0022-B', 1, 27.50, 'OEM Cyprus'),
(50, 23, 'Spark Plug Set', 'PART-0023-A', 1, 55.50, 'Fleet Parts Supply'),
(51, 23, 'Wiper Blades', 'PART-0023-B', 1, 32.75, 'Fleet Parts Supply'),
(52, 24, 'Engine Oil 5L', 'PART-0024-A', 1, 63, 'EuroCar Spares'),
(53, 24, 'Accessory Belt', 'PART-0024-B', 2, 6.50, 'EuroCar Spares'),
(54, 24, 'Alternator', 'PART-0024-C', 1, 144, 'EuroCar Spares'),
(55, 25, 'Oil Filter', 'PART-0025-A', 1, 70.50, 'Cyprus Motor Factors'),
(56, 25, 'Thermostat', 'PART-0025-B', 1, 11.75, 'Cyprus Motor Factors'),
(57, 26, 'Air Filter', 'PART-0026-A', 1, 78, 'Limassol Auto Parts'),
(58, 26, 'Bulb Set', 'PART-0026-B', 1, 17, 'Limassol Auto Parts'),
(59, 27, 'Cabin Filter', 'PART-0027-A', 1, 18, 'OEM Cyprus'),
(60, 27, 'Tyre Valve Set', 'PART-0027-B', 1, 22.25, 'OEM Cyprus'),
(61, 28, 'Brake Pads Front', 'PART-0028-A', 1, 25.50, 'Fleet Parts Supply'),
(62, 28, 'Brake Cleaner', 'PART-0028-B', 2, 27.50, 'Fleet Parts Supply'),
(63, 28, 'ABS Sensor', 'PART-0028-C', 1, 216, 'Fleet Parts Supply'),
(64, 29, 'Battery 70Ah', 'PART-0029-A', 1, 33, 'EuroCar Spares'),
(65, 29, 'Screen Wash', 'PART-0029-B', 1, 32.75, 'EuroCar Spares'),
(66, 30, 'Coolant 5L', 'PART-0030-A', 1, 40.50, 'Cyprus Motor Factors'),
(67, 30, 'Wiper Blades', 'PART-0030-B', 1, 6.50, 'Cyprus Motor Factors'),
(68, 31, 'Spark Plug Set', 'PART-0031-A', 1, 48, 'Limassol Auto Parts'),
(69, 31, 'Accessory Belt', 'PART-0031-B', 1, 11.75, 'Limassol Auto Parts'),
(70, 32, 'Engine Oil 5L', 'PART-0032-A', 1, 55.50, 'OEM Cyprus'),
(71, 32, 'Thermostat', 'PART-0032-B', 2, 17, 'OEM Cyprus'),
(72, 32, 'Shock Absorber', 'PART-0032-C', 1, 108, 'OEM Cyprus'),
(73, 33, 'Oil Filter', 'PART-0033-A', 1, 63, 'Fleet Parts Supply'),
(74, 33, 'Bulb Set', 'PART-0033-B', 1, 22.25, 'Fleet Parts Supply'),
(75, 34, 'Air Filter', 'PART-0034-A', 1, 70.50, 'EuroCar Spares'),
(76, 34, 'Tyre Valve Set', 'PART-0034-B', 1, 27.50, 'EuroCar Spares'),
(77, 35, 'Cabin Filter', 'PART-0035-A', 1, 78, 'Cyprus Motor Factors'),
(78, 35, 'Brake Cleaner', 'PART-0035-B', 1, 32.75, 'Cyprus Motor Factors'),
(79, 36, 'Brake Pads Front', 'PART-0036-A', 1, 18, 'Limassol Auto Parts'),
(80, 36, 'Screen Wash', 'PART-0036-B', 2, 6.50, 'Limassol Auto Parts'),
(81, 36, 'Alternator', 'PART-0036-C', 1, 180, 'Limassol Auto Parts'),
(82, 37, 'Battery 70Ah', 'PART-0037-A', 1, 25.50, 'OEM Cyprus'),
(83, 37, 'Wiper Blades', 'PART-0037-B', 1, 11.75, 'OEM Cyprus'),
(84, 38, 'Coolant 5L', 'PART-0038-A', 1, 33, 'Fleet Parts Supply'),
(85, 38, 'Accessory Belt', 'PART-0038-B', 1, 17, 'Fleet Parts Supply'),
(86, 39, 'Spark Plug Set', 'PART-0039-A', 1, 40.50, 'EuroCar Spares'),
(87, 39, 'Thermostat', 'PART-0039-B', 1, 22.25, 'EuroCar Spares'),
(88, 40, 'Engine Oil 5L', 'PART-0040-A', 1, 48, 'Cyprus Motor Factors'),
(89, 40, 'Bulb Set', 'PART-0040-B', 2, 27.50, 'Cyprus Motor Factors'),
(90, 40, 'ABS Sensor', 'PART-0040-C', 1, 72, 'Cyprus Motor Factors'),
(91, 41, 'Oil Filter', 'PART-0041-A', 1, 55.50, 'Limassol Auto Parts'),
(92, 41, 'Tyre Valve Set', 'PART-0041-B', 1, 32.75, 'Limassol Auto Parts'),
(93, 42, 'Air Filter', 'PART-0042-A', 1, 63, 'OEM Cyprus'),
(94, 42, 'Brake Cleaner', 'PART-0042-B', 1, 6.50, 'OEM Cyprus'),
(95, 43, 'Cabin Filter', 'PART-0043-A', 1, 70.50, 'Fleet Parts Supply'),
(96, 43, 'Screen Wash', 'PART-0043-B', 1, 11.75, 'Fleet Parts Supply'),
(97, 44, 'Brake Pads Front', 'PART-0044-A', 1, 78, 'EuroCar Spares'),
(98, 44, 'Wiper Blades', 'PART-0044-B', 2, 17, 'EuroCar Spares'),
(99, 44, 'Shock Absorber', 'PART-0044-C', 1, 144, 'EuroCar Spares'),
(100, 45, 'Battery 70Ah', 'PART-0045-A', 1, 18, 'Cyprus Motor Factors'),
(101, 45, 'Accessory Belt', 'PART-0045-B', 1, 22.25, 'Cyprus Motor Factors'),
(102, 46, 'Coolant 5L', 'PART-0046-A', 1, 25.50, 'Limassol Auto Parts'),
(103, 46, 'Thermostat', 'PART-0046-B', 1, 27.50, 'Limassol Auto Parts'),
(104, 47, 'Spark Plug Set', 'PART-0047-A', 1, 33, 'OEM Cyprus'),
(105, 47, 'Bulb Set', 'PART-0047-B', 1, 32.75, 'OEM Cyprus'),
(106, 48, 'Engine Oil 5L', 'PART-0048-A', 1, 40.50, 'Fleet Parts Supply'),
(107, 48, 'Tyre Valve Set', 'PART-0048-B', 2, 6.50, 'Fleet Parts Supply'),
(108, 48, 'Alternator', 'PART-0048-C', 1, 216, 'Fleet Parts Supply'),
(109, 49, 'Oil Filter', 'PART-0049-A', 1, 48, 'EuroCar Spares'),
(110, 49, 'Brake Cleaner', 'PART-0049-B', 1, 11.75, 'EuroCar Spares'),
(111, 50, 'Air Filter', 'PART-0050-A', 1, 55.50, 'Cyprus Motor Factors'),
(112, 50, 'Screen Wash', 'PART-0050-B', 1, 17, 'Cyprus Motor Factors'),
(113, 51, 'Cabin Filter', 'PART-0051-A', 1, 63, 'Limassol Auto Parts'),
(114, 51, 'Wiper Blades', 'PART-0051-B', 1, 22.25, 'Limassol Auto Parts'),
(115, 52, 'Brake Pads Front', 'PART-0052-A', 1, 70.50, 'OEM Cyprus'),
(116, 52, 'Accessory Belt', 'PART-0052-B', 2, 27.50, 'OEM Cyprus'),
(117, 52, 'ABS Sensor', 'PART-0052-C', 1, 108, 'OEM Cyprus'),
(118, 53, 'Battery 70Ah', 'PART-0053-A', 1, 78, 'Fleet Parts Supply'),
(119, 53, 'Thermostat', 'PART-0053-B', 1, 32.75, 'Fleet Parts Supply'),
(120, 54, 'Coolant 5L', 'PART-0054-A', 1, 18, 'EuroCar Spares'),
(121, 54, 'Bulb Set', 'PART-0054-B', 1, 6.50, 'EuroCar Spares'),
(122, 55, 'Spark Plug Set', 'PART-0055-A', 1, 25.50, 'Cyprus Motor Factors'),
(123, 55, 'Tyre Valve Set', 'PART-0055-B', 1, 11.75, 'Cyprus Motor Factors'),
(124, 56, 'Engine Oil 5L', 'PART-0056-A', 1, 33, 'Limassol Auto Parts'),
(125, 56, 'Brake Cleaner', 'PART-0056-B', 2, 17, 'Limassol Auto Parts'),
(126, 56, 'Shock Absorber', 'PART-0056-C', 1, 180, 'Limassol Auto Parts'),
(127, 57, 'Oil Filter', 'PART-0057-A', 1, 40.50, 'OEM Cyprus'),
(128, 57, 'Screen Wash', 'PART-0057-B', 1, 22.25, 'OEM Cyprus'),
(129, 58, 'Air Filter', 'PART-0058-A', 1, 48, 'Fleet Parts Supply'),
(130, 58, 'Wiper Blades', 'PART-0058-B', 1, 27.50, 'Fleet Parts Supply'),
(131, 59, 'Cabin Filter', 'PART-0059-A', 1, 55.50, 'EuroCar Spares'),
(132, 59, 'Accessory Belt', 'PART-0059-B', 1, 32.75, 'EuroCar Spares'),
(133, 60, 'Brake Pads Front', 'PART-0060-A', 1, 63, 'Cyprus Motor Factors'),
(134, 60, 'Thermostat', 'PART-0060-B', 2, 6.50, 'Cyprus Motor Factors'),
(135, 60, 'Alternator', 'PART-0060-C', 1, 72, 'Cyprus Motor Factors'),
(136, 61, 'Battery 70Ah', 'PART-0061-A', 1, 70.50, 'Limassol Auto Parts'),
(137, 61, 'Bulb Set', 'PART-0061-B', 1, 11.75, 'Limassol Auto Parts'),
(138, 62, 'Coolant 5L', 'PART-0062-A', 1, 78, 'OEM Cyprus'),
(139, 62, 'Tyre Valve Set', 'PART-0062-B', 1, 17, 'OEM Cyprus'),
(140, 63, 'Spark Plug Set', 'PART-0063-A', 1, 18, 'Fleet Parts Supply'),
(141, 63, 'Brake Cleaner', 'PART-0063-B', 1, 22.25, 'Fleet Parts Supply'),
(142, 64, 'Engine Oil 5L', 'PART-0064-A', 1, 25.50, 'EuroCar Spares'),
(143, 64, 'Screen Wash', 'PART-0064-B', 2, 27.50, 'EuroCar Spares'),
(144, 64, 'ABS Sensor', 'PART-0064-C', 1, 144, 'EuroCar Spares'),
(145, 65, 'Oil Filter', 'PART-0065-A', 1, 33, 'Cyprus Motor Factors'),
(146, 65, 'Wiper Blades', 'PART-0065-B', 1, 32.75, 'Cyprus Motor Factors'),
(147, 66, 'Air Filter', 'PART-0066-A', 1, 40.50, 'Limassol Auto Parts'),
(148, 66, 'Accessory Belt', 'PART-0066-B', 1, 6.50, 'Limassol Auto Parts'),
(149, 67, 'Cabin Filter', 'PART-0067-A', 1, 48, 'OEM Cyprus'),
(150, 67, 'Thermostat', 'PART-0067-B', 1, 11.75, 'OEM Cyprus'),
(151, 68, 'Brake Pads Front', 'PART-0068-A', 1, 55.50, 'Fleet Parts Supply'),
(152, 68, 'Bulb Set', 'PART-0068-B', 2, 17, 'Fleet Parts Supply'),
(153, 68, 'Shock Absorber', 'PART-0068-C', 1, 216, 'Fleet Parts Supply'),
(154, 69, 'Battery 70Ah', 'PART-0069-A', 1, 63, 'EuroCar Spares'),
(155, 69, 'Tyre Valve Set', 'PART-0069-B', 1, 22.25, 'EuroCar Spares'),
(156, 70, 'Coolant 5L', 'PART-0070-A', 1, 70.50, 'Cyprus Motor Factors'),
(157, 70, 'Brake Cleaner', 'PART-0070-B', 1, 27.50, 'Cyprus Motor Factors'),
(158, 71, 'Spark Plug Set', 'PART-0071-A', 1, 78, 'Limassol Auto Parts'),
(159, 71, 'Screen Wash', 'PART-0071-B', 1, 32.75, 'Limassol Auto Parts'),
(160, 72, 'Engine Oil 5L', 'PART-0072-A', 1, 18, 'OEM Cyprus'),
(161, 72, 'Wiper Blades', 'PART-0072-B', 2, 6.50, 'OEM Cyprus'),
(162, 72, 'Alternator', 'PART-0072-C', 1, 108, 'OEM Cyprus'),
(163, 73, 'Oil Filter', 'PART-0073-A', 1, 25.50, 'Fleet Parts Supply'),
(164, 73, 'Accessory Belt', 'PART-0073-B', 1, 11.75, 'Fleet Parts Supply'),
(165, 74, 'Air Filter', 'PART-0074-A', 1, 33, 'EuroCar Spares'),
(166, 74, 'Thermostat', 'PART-0074-B', 1, 17, 'EuroCar Spares'),
(167, 75, 'Cabin Filter', 'PART-0075-A', 1, 40.50, 'Cyprus Motor Factors'),
(168, 75, 'Bulb Set', 'PART-0075-B', 1, 22.25, 'Cyprus Motor Factors'),
(169, 76, 'Brake Pads Front', 'PART-0076-A', 1, 48, 'Limassol Auto Parts'),
(170, 76, 'Tyre Valve Set', 'PART-0076-B', 2, 27.50, 'Limassol Auto Parts'),
(171, 76, 'ABS Sensor', 'PART-0076-C', 1, 180, 'Limassol Auto Parts'),
(172, 77, 'Battery 70Ah', 'PART-0077-A', 1, 55.50, 'OEM Cyprus'),
(173, 77, 'Brake Cleaner', 'PART-0077-B', 1, 32.75, 'OEM Cyprus'),
(174, 78, 'Coolant 5L', 'PART-0078-A', 1, 63, 'Fleet Parts Supply'),
(175, 78, 'Screen Wash', 'PART-0078-B', 1, 6.50, 'Fleet Parts Supply'),
(176, 79, 'Spark Plug Set', 'PART-0079-A', 1, 70.50, 'EuroCar Spares'),
(177, 79, 'Wiper Blades', 'PART-0079-B', 1, 11.75, 'EuroCar Spares'),
(178, 80, 'Engine Oil 5L', 'PART-0080-A', 1, 78, 'Cyprus Motor Factors'),
(179, 80, 'Accessory Belt', 'PART-0080-B', 2, 17, 'Cyprus Motor Factors'),
(180, 80, 'Shock Absorber', 'PART-0080-C', 1, 72, 'Cyprus Motor Factors'),
(181, 81, 'Oil Filter', 'PART-0081-A', 1, 18, 'Limassol Auto Parts'),
(182, 81, 'Thermostat', 'PART-0081-B', 1, 22.25, 'Limassol Auto Parts'),
(183, 82, 'Air Filter', 'PART-0082-A', 1, 25.50, 'OEM Cyprus'),
(184, 82, 'Bulb Set', 'PART-0082-B', 1, 27.50, 'OEM Cyprus'),
(185, 83, 'Cabin Filter', 'PART-0083-A', 1, 33, 'Fleet Parts Supply'),
(186, 83, 'Tyre Valve Set', 'PART-0083-B', 1, 32.75, 'Fleet Parts Supply'),
(187, 84, 'Brake Pads Front', 'PART-0084-A', 1, 40.50, 'EuroCar Spares'),
(188, 84, 'Brake Cleaner', 'PART-0084-B', 2, 6.50, 'EuroCar Spares'),
(189, 84, 'Alternator', 'PART-0084-C', 1, 144, 'EuroCar Spares'),
(190, 85, 'Battery 70Ah', 'PART-0085-A', 1, 48, 'Cyprus Motor Factors'),
(191, 85, 'Screen Wash', 'PART-0085-B', 1, 11.75, 'Cyprus Motor Factors'),
(192, 86, 'Coolant 5L', 'PART-0086-A', 1, 55.50, 'Limassol Auto Parts'),
(193, 86, 'Wiper Blades', 'PART-0086-B', 1, 17, 'Limassol Auto Parts'),
(194, 87, 'Spark Plug Set', 'PART-0087-A', 1, 63, 'OEM Cyprus'),
(195, 87, 'Accessory Belt', 'PART-0087-B', 1, 22.25, 'OEM Cyprus'),
(196, 88, 'Engine Oil 5L', 'PART-0088-A', 1, 70.50, 'Fleet Parts Supply'),
(197, 88, 'Thermostat', 'PART-0088-B', 2, 27.50, 'Fleet Parts Supply'),
(198, 88, 'ABS Sensor', 'PART-0088-C', 1, 216, 'Fleet Parts Supply'),
(199, 89, 'Oil Filter', 'PART-0089-A', 1, 78, 'EuroCar Spares'),
(200, 89, 'Bulb Set', 'PART-0089-B', 1, 32.75, 'EuroCar Spares'),
(201, 90, 'Air Filter', 'PART-0090-A', 1, 18, 'Cyprus Motor Factors'),
(202, 90, 'Tyre Valve Set', 'PART-0090-B', 1, 6.50, 'Cyprus Motor Factors');

INSERT INTO invoices (id, invoice_number, job_id, customer_id, issue_date, due_date, labor_total, parts_total, subtotal, vat_rate, vat_amount, grand_total, paid) VALUES
(1, 'INV-2026-00001', 19, 19, '2026-06-17 10:30:00.000', '2026-07-01 16:30:00.000', 123.50, 333, 456.50, 19, 86.74, 543.24, TRUE),
(2, 'INV-2026-00002', 20, 20, '2026-04-14 16:30:00.000', '2026-04-28 16:30:00.000', 152, 492.75, 644.75, 19, 122.50, 767.25, FALSE),
(3, 'INV-2026-00003', 21, 21, '2026-04-20 16:30:00.000', '2026-05-04 16:30:00.000', 180.50, 402.50, 583, 19, 110.77, 693.77, FALSE),
(4, 'INV-2026-00004', 22, 22, '2026-04-26 16:30:00.000', '2026-05-10 16:30:00.000', 209, 55, 264, 19, 50.16, 314.16, TRUE),
(5, 'INV-2026-00005', 23, 23, '2026-05-02 16:30:00.000', '2026-05-16 16:30:00.000', 237.50, 89.75, 327.25, 19, 62.18, 389.43, TRUE),
(6, 'INV-2026-00006', 24, 24, '2026-05-08 16:30:00.000', '2026-05-22 16:30:00.000', 266, 249.50, 515.50, 19, 97.95, 613.45, TRUE),
(7, 'INV-2026-00007', 25, 25, '2026-05-09 16:30:00.000', '2026-05-23 16:30:00.000', 294.50, 159.25, 453.75, 19, 86.21, 539.96, FALSE),
(8, 'INV-2026-00008', 26, 26, '2026-05-15 16:30:00.000', '2026-05-29 16:30:00.000', 323, 194, 517, 19, 98.23, 615.23, FALSE),
(9, 'INV-2026-00009', 27, 27, '2026-05-21 16:30:00.000', '2026-06-04 16:30:00.000', 95, 228.75, 323.75, 19, 61.51, 385.26, TRUE),
(10, 'INV-2026-00010', 28, 28, '2026-05-27 16:30:00.000', '2026-06-10 16:30:00.000', 123.50, 388.50, 512, 19, 97.28, 609.28, TRUE),
(11, 'INV-2026-00011', 29, 29, '2026-06-02 16:30:00.000', '2026-06-16 16:30:00.000', 152, 298.25, 450.25, 19, 85.55, 535.80, TRUE),
(12, 'INV-2026-00012', 30, 30, '2026-06-03 16:30:00.000', '2026-06-17 16:30:00.000', 180.50, 333, 513.50, 19, 97.57, 611.07, FALSE),
(13, 'INV-2026-00013', 31, 1, '2026-06-09 16:30:00.000', '2026-06-23 16:30:00.000', 209, 367.75, 576.75, 19, 109.58, 686.33, FALSE),
(14, 'INV-2026-00014', 32, 2, '2026-06-15 16:30:00.000', '2026-06-29 16:30:00.000', 237.50, 527.50, 765, 19, 145.35, 910.35, TRUE),
(15, 'INV-2026-00015', 33, 3, '2026-01-09 16:30:00.000', '2026-01-23 16:30:00.000', 266, 55, 321, 19, 60.99, 381.99, TRUE),
(16, 'INV-2026-00016', 34, 4, '2026-01-15 16:30:00.000', '2026-01-29 16:30:00.000', 294.50, 89.75, 384.25, 19, 73.01, 457.26, TRUE),
(17, 'INV-2026-00017', 35, 5, '2026-01-16 16:30:00.000', '2026-01-30 16:30:00.000', 323, 124.50, 447.50, 19, 85.03, 532.53, FALSE),
(18, 'INV-2026-00018', 36, 6, '2026-01-22 16:30:00.000', '2026-02-05 16:30:00.000', 95, 284.25, 379.25, 19, 72.06, 451.31, FALSE),
(19, 'INV-2026-00019', 37, 7, '2026-01-28 16:30:00.000', '2026-02-11 16:30:00.000', 123.50, 194, 317.50, 19, 60.33, 377.83, TRUE),
(20, 'INV-2026-00020', 38, 8, '2026-02-03 16:30:00.000', '2026-02-17 16:30:00.000', 152, 228.75, 380.75, 19, 72.34, 453.09, TRUE),
(21, 'INV-2026-00021', 39, 9, '2026-02-09 16:30:00.000', '2026-02-23 16:30:00.000', 180.50, 263.50, 444, 19, 84.36, 528.36, TRUE),
(22, 'INV-2026-00022', 40, 10, '2026-02-10 16:30:00.000', '2026-02-24 16:30:00.000', 209, 423.25, 632.25, 19, 120.13, 752.38, FALSE),
(23, 'INV-2026-00023', 41, 11, '2026-02-16 16:30:00.000', '2026-03-02 16:30:00.000', 237.50, 333, 570.50, 19, 108.40, 678.90, FALSE),
(24, 'INV-2026-00024', 42, 12, '2026-02-22 16:30:00.000', '2026-03-08 16:30:00.000', 266, 367.75, 633.75, 19, 120.41, 754.16, TRUE),
(25, 'INV-2026-00025', 43, 13, '2026-02-28 16:30:00.000', '2026-03-14 16:30:00.000', 294.50, 402.50, 697, 19, 132.43, 829.43, TRUE),
(26, 'INV-2026-00026', 44, 14, '2026-03-06 16:30:00.000', '2026-03-20 16:30:00.000', 323, 180, 503, 19, 95.57, 598.57, TRUE),
(27, 'INV-2026-00027', 45, 15, '2026-03-07 16:30:00.000', '2026-03-21 16:30:00.000', 95, 89.75, 184.75, 19, 35.10, 219.85, FALSE),
(28, 'INV-2026-00028', 46, 1, '2026-03-13 16:30:00.000', '2026-03-27 16:30:00.000', 123.50, 124.50, 248, 19, 47.12, 295.12, FALSE),
(29, 'INV-2026-00029', 47, 2, '2026-03-19 16:30:00.000', '2026-04-02 16:30:00.000', 152, 159.25, 311.25, 19, 59.14, 370.39, TRUE),
(30, 'INV-2026-00030', 48, 3, '2026-03-25 16:30:00.000', '2026-04-08 16:30:00.000', 180.50, 319, 499.50, 19, 94.91, 594.41, TRUE),
(31, 'INV-2026-00031', 49, 4, '2026-03-31 16:30:00.000', '2026-04-14 16:30:00.000', 209, 228.75, 437.75, 19, 83.17, 520.92, TRUE),
(32, 'INV-2026-00032', 50, 5, '2026-04-01 16:30:00.000', '2026-04-15 16:30:00.000', 237.50, 263.50, 501, 19, 95.19, 596.19, FALSE),
(33, 'INV-2026-00033', 51, 6, '2026-04-07 16:30:00.000', '2026-04-21 16:30:00.000', 266, 298.25, 564.25, 19, 107.21, 671.46, FALSE),
(34, 'INV-2026-00034', 52, 7, '2026-04-13 16:30:00.000', '2026-04-27 16:30:00.000', 294.50, 458, 752.50, 19, 142.98, 895.48, TRUE),
(35, 'INV-2026-00035', 53, 8, '2026-04-19 16:30:00.000', '2026-05-03 16:30:00.000', 323, 367.75, 690.75, 19, 131.24, 821.99, TRUE),
(36, 'INV-2026-00036', 54, 9, '2026-04-25 16:30:00.000', '2026-05-09 16:30:00.000', 95, 402.50, 497.50, 19, 94.53, 592.03, TRUE),
(37, 'INV-2026-00037', 55, 10, '2026-04-26 16:30:00.000', '2026-05-10 16:30:00.000', 123.50, 55, 178.50, 19, 33.92, 212.42, FALSE),
(38, 'INV-2026-00038', 56, 11, '2026-05-02 16:30:00.000', '2026-05-16 16:30:00.000', 152, 214.75, 366.75, 19, 69.68, 436.43, FALSE),
(39, 'INV-2026-00039', 57, 12, '2026-05-08 16:30:00.000', '2026-05-22 16:30:00.000', 180.50, 124.50, 305, 19, 57.95, 362.95, TRUE),
(40, 'INV-2026-00040', 58, 13, '2026-05-14 16:30:00.000', '2026-05-28 16:30:00.000', 209, 159.25, 368.25, 19, 69.97, 438.22, TRUE),
(41, 'INV-2026-00041', 59, 14, '2026-05-20 16:30:00.000', '2026-06-03 16:30:00.000', 237.50, 194, 431.50, 19, 81.99, 513.49, TRUE),
(42, 'INV-2026-00042', 60, 15, '2026-05-21 16:30:00.000', '2026-06-04 16:30:00.000', 266, 353.75, 619.75, 19, 117.75, 737.50, FALSE),
(43, 'INV-2026-00043', 61, 16, '2026-05-27 16:30:00.000', '2026-06-10 16:30:00.000', 294.50, 263.50, 558, 19, 106.02, 664.02, FALSE),
(44, 'INV-2026-00044', 62, 17, '2026-06-02 16:30:00.000', '2026-06-16 16:30:00.000', 323, 298.25, 621.25, 19, 118.04, 739.29, TRUE),
(45, 'INV-2026-00045', 63, 18, '2026-06-08 16:30:00.000', '2026-06-22 16:30:00.000', 95, 333, 428, 19, 81.32, 509.32, TRUE),
(46, 'INV-2026-00046', 64, 19, '2026-06-14 16:30:00.000', '2026-06-28 16:30:00.000', 123.50, 492.75, 616.25, 19, 117.09, 733.34, TRUE),
(47, 'INV-2026-00047', 65, 20, '2026-06-15 16:30:00.000', '2026-06-29 16:30:00.000', 152, 402.50, 554.50, 19, 105.36, 659.86, FALSE),
(48, 'INV-2026-00048', 66, 21, '2026-01-09 16:30:00.000', '2026-01-23 16:30:00.000', 180.50, 55, 235.50, 19, 44.75, 280.25, FALSE),
(49, 'INV-2026-00049', 67, 22, '2026-01-15 16:30:00.000', '2026-01-29 16:30:00.000', 209, 89.75, 298.75, 19, 56.76, 355.51, TRUE),
(50, 'INV-2026-00050', 68, 23, '2026-01-21 16:30:00.000', '2026-02-04 16:30:00.000', 237.50, 249.50, 487, 19, 92.53, 579.53, TRUE),
(51, 'INV-2026-00051', 69, 24, '2026-01-27 16:30:00.000', '2026-02-10 16:30:00.000', 266, 159.25, 425.25, 19, 80.80, 506.05, TRUE),
(52, 'INV-2026-00052', 70, 25, '2026-01-28 16:30:00.000', '2026-02-11 16:30:00.000', 294.50, 194, 488.50, 19, 92.82, 581.32, FALSE),
(53, 'INV-2026-00053', 71, 26, '2026-02-03 16:30:00.000', '2026-02-17 16:30:00.000', 323, 228.75, 551.75, 19, 104.83, 656.58, FALSE),
(54, 'INV-2026-00054', 72, 27, '2026-02-09 16:30:00.000', '2026-02-23 16:30:00.000', 95, 388.50, 483.50, 19, 91.87, 575.37, TRUE),
(55, 'INV-2026-00055', 73, 28, '2026-02-15 16:30:00.000', '2026-03-01 16:30:00.000', 123.50, 298.25, 421.75, 19, 80.13, 501.88, TRUE),
(56, 'INV-2026-00056', 74, 29, '2026-02-21 16:30:00.000', '2026-03-07 16:30:00.000', 152, 333, 485, 19, 92.15, 577.15, TRUE),
(57, 'INV-2026-00057', 75, 30, '2026-02-22 16:30:00.000', '2026-03-08 16:30:00.000', 180.50, 367.75, 548.25, 19, 104.17, 652.42, FALSE),
(58, 'INV-2026-00058', 76, 1, '2026-02-28 16:30:00.000', '2026-03-14 16:30:00.000', 209, 527.50, 736.50, 19, 139.94, 876.44, FALSE),
(59, 'INV-2026-00059', 77, 2, '2026-03-06 16:30:00.000', '2026-03-20 16:30:00.000', 237.50, 55, 292.50, 19, 55.58, 348.08, TRUE),
(60, 'INV-2026-00060', 78, 3, '2026-03-12 16:30:00.000', '2026-03-26 16:30:00.000', 266, 89.75, 355.75, 19, 67.59, 423.34, TRUE),
(61, 'INV-2026-00061', 79, 4, '2026-03-18 16:30:00.000', '2026-04-01 16:30:00.000', 294.50, 124.50, 419, 19, 79.61, 498.61, TRUE),
(62, 'INV-2026-00062', 80, 5, '2026-03-19 16:30:00.000', '2026-04-02 16:30:00.000', 323, 284.25, 607.25, 19, 115.38, 722.63, FALSE),
(63, 'INV-2026-00063', 81, 6, '2026-03-25 16:30:00.000', '2026-04-08 16:30:00.000', 95, 194, 289, 19, 54.91, 343.91, FALSE),
(64, 'INV-2026-00064', 82, 7, '2026-03-31 16:30:00.000', '2026-04-14 16:30:00.000', 123.50, 228.75, 352.25, 19, 66.93, 419.18, TRUE),
(65, 'INV-2026-00065', 83, 8, '2026-04-06 16:30:00.000', '2026-04-20 16:30:00.000', 152, 263.50, 415.50, 19, 78.95, 494.45, TRUE),
(66, 'INV-2026-00066', 84, 9, '2026-04-12 16:30:00.000', '2026-04-26 16:30:00.000', 180.50, 423.25, 603.75, 19, 114.71, 718.46, TRUE),
(67, 'INV-2026-00067', 85, 10, '2026-04-13 16:30:00.000', '2026-04-27 16:30:00.000', 209, 333, 542, 19, 102.98, 644.98, FALSE),
(68, 'INV-2026-00068', 86, 11, '2026-04-19 16:30:00.000', '2026-05-03 16:30:00.000', 237.50, 367.75, 605.25, 19, 115, 720.25, FALSE),
(69, 'INV-2026-00069', 87, 12, '2026-04-25 16:30:00.000', '2026-05-09 16:30:00.000', 266, 402.50, 668.50, 19, 127.02, 795.52, TRUE),
(70, 'INV-2026-00070', 88, 13, '2026-05-01 16:30:00.000', '2026-05-15 16:30:00.000', 294.50, 180, 474.50, 19, 90.16, 564.66, TRUE),
(71, 'INV-2026-00071', 89, 14, '2026-05-07 16:30:00.000', '2026-05-21 16:30:00.000', 323, 89.75, 412.75, 19, 78.42, 491.17, TRUE),
(72, 'INV-2026-00072', 90, 15, '2026-05-08 16:30:00.000', '2026-05-22 16:30:00.000', 95, 124.50, 219.50, 19, 41.71, 261.21, FALSE);

INSERT INTO reminders (id, vehicle_id, title, due_date, channel, status, notes) VALUES
(1, 1, 'MOT check reminder', '2026-06-25 09:00:00.000', 'sms', 'SENT', 'Send estimate before booking.'),
(2, 2, 'Brake follow-up', '2026-07-02 09:00:00.000', 'phone', 'DISMISSED', 'Fleet manager requested morning slot.'),
(3, 3, 'Fleet inspection', '2026-07-09 09:00:00.000', 'email', 'PENDING', 'Check service mileage.'),
(4, 4, 'Oil change due', '2026-07-16 09:00:00.000', 'sms', 'SENT', 'Customer prefers WhatsApp.'),
(5, 5, 'Next service reminder', '2026-07-23 09:00:00.000', 'phone', 'DISMISSED', 'Confirm appointment with customer.'),
(6, 6, 'MOT check reminder', '2026-07-30 09:00:00.000', 'email', 'PENDING', 'Send estimate before booking.'),
(7, 7, 'Brake follow-up', '2026-08-06 09:00:00.000', 'sms', 'SENT', 'Fleet manager requested morning slot.'),
(8, 8, 'Fleet inspection', '2026-08-13 09:00:00.000', 'phone', 'DISMISSED', 'Check service mileage.'),
(9, 9, 'Oil change due', '2026-08-20 09:00:00.000', 'email', 'PENDING', 'Customer prefers WhatsApp.'),
(10, 10, 'Next service reminder', '2026-08-27 09:00:00.000', 'sms', 'SENT', 'Confirm appointment with customer.'),
(11, 11, 'MOT check reminder', '2026-09-03 09:00:00.000', 'phone', 'DISMISSED', 'Send estimate before booking.'),
(12, 12, 'Brake follow-up', '2026-09-10 09:00:00.000', 'email', 'PENDING', 'Fleet manager requested morning slot.'),
(13, 13, 'Fleet inspection', '2026-09-17 09:00:00.000', 'sms', 'SENT', 'Check service mileage.'),
(14, 14, 'Oil change due', '2026-09-24 09:00:00.000', 'phone', 'DISMISSED', 'Customer prefers WhatsApp.'),
(15, 15, 'Next service reminder', '2026-10-01 09:00:00.000', 'email', 'PENDING', 'Confirm appointment with customer.'),
(16, 16, 'MOT check reminder', '2026-10-08 09:00:00.000', 'sms', 'SENT', 'Send estimate before booking.'),
(17, 17, 'Brake follow-up', '2026-10-15 09:00:00.000', 'phone', 'DISMISSED', 'Fleet manager requested morning slot.'),
(18, 18, 'Fleet inspection', '2026-10-22 09:00:00.000', 'email', 'PENDING', 'Check service mileage.'),
(19, 19, 'Oil change due', '2026-10-29 09:00:00.000', 'sms', 'SENT', 'Customer prefers WhatsApp.'),
(20, 20, 'Next service reminder', '2026-11-05 09:00:00.000', 'phone', 'DISMISSED', 'Confirm appointment with customer.'),
(21, 21, 'MOT check reminder', '2026-11-12 09:00:00.000', 'email', 'PENDING', 'Send estimate before booking.'),
(22, 22, 'Brake follow-up', '2026-11-19 09:00:00.000', 'sms', 'SENT', 'Fleet manager requested morning slot.'),
(23, 23, 'Fleet inspection', '2026-11-26 09:00:00.000', 'phone', 'DISMISSED', 'Check service mileage.'),
(24, 24, 'Oil change due', '2026-12-03 09:00:00.000', 'email', 'PENDING', 'Customer prefers WhatsApp.'),
(25, 25, 'Next service reminder', '2026-12-10 09:00:00.000', 'sms', 'SENT', 'Confirm appointment with customer.'),
(26, 26, 'MOT check reminder', '2026-12-17 09:00:00.000', 'phone', 'DISMISSED', 'Send estimate before booking.'),
(27, 27, 'Brake follow-up', '2026-12-24 09:00:00.000', 'email', 'PENDING', 'Fleet manager requested morning slot.'),
(28, 28, 'Fleet inspection', '2026-12-31 09:00:00.000', 'sms', 'SENT', 'Check service mileage.'),
(29, 29, 'Oil change due', '2027-01-07 09:00:00.000', 'phone', 'DISMISSED', 'Customer prefers WhatsApp.'),
(30, 30, 'Next service reminder', '2027-01-14 09:00:00.000', 'email', 'PENDING', 'Confirm appointment with customer.'),
(31, 31, 'MOT check reminder', '2027-01-21 09:00:00.000', 'sms', 'SENT', 'Send estimate before booking.'),
(32, 32, 'Brake follow-up', '2027-01-28 09:00:00.000', 'phone', 'DISMISSED', 'Fleet manager requested morning slot.'),
(33, 33, 'Fleet inspection', '2027-02-04 09:00:00.000', 'email', 'PENDING', 'Check service mileage.'),
(34, 34, 'Oil change due', '2027-02-11 09:00:00.000', 'sms', 'SENT', 'Customer prefers WhatsApp.'),
(35, 35, 'Next service reminder', '2027-02-18 09:00:00.000', 'phone', 'DISMISSED', 'Confirm appointment with customer.');

INSERT INTO work_items (id, title, description, customer_name, vehicle_plate, assigned_mechanic_id, due_date, completed, completed_at) VALUES
(1, 'Call customer', 'Customer needs update before 15:00.', 'Elena Ioannou', 'KMA001', 3, '2026-06-18 08:00:00.000', FALSE, NULL),
(2, 'Prepare estimate', 'Send labour and parts estimate.', 'BlueLine Deliveries Ltd', 'PFO002', 4, '2026-06-19 08:00:00.000', FALSE, NULL),
(3, 'Road test vehicle', 'Confirm repair after road test.', 'Minas Charalambous', 'NIC003', 5, '2026-06-20 08:00:00.000', FALSE, NULL),
(4, 'Clean bay', 'Free lift for afternoon delivery.', 'Andreas Antoniou', 'CY004', 2, '2026-06-21 08:00:00.000', TRUE, '2026-06-21 12:00:00.000'),
(5, 'Check invoice payment', 'Reception to confirm balance.', 'Katerina Savva', 'LMS005', 3, '2026-06-22 08:00:00.000', FALSE, NULL),
(6, 'Book fleet service', 'Reserve two morning slots.', 'Limassol Bakery Group', 'KMA006', 4, '2026-06-23 08:00:00.000', FALSE, NULL),
(7, 'Order parts', 'Follow up with supplier for pending part.', 'Nicos Petrou', 'PFO007', 5, '2026-06-24 08:00:00.000', FALSE, NULL),
(8, 'Call customer', 'Customer needs update before 15:00.', 'Sofia Michael', 'NIC008', 2, '2026-06-25 08:00:00.000', TRUE, '2026-06-17 12:00:00.000'),
(9, 'Prepare estimate', 'Send labour and parts estimate.', 'Theo Motors Fleet', 'CY009', 3, '2026-06-26 08:00:00.000', FALSE, NULL),
(10, 'Road test vehicle', 'Confirm repair after road test.', 'Maria Constantinou', 'LMS010', 4, '2026-06-27 08:00:00.000', FALSE, NULL),
(11, 'Clean bay', 'Free lift for afternoon delivery.', 'Aphrodite Hotels Ltd', 'KMA011', 5, '2026-06-28 08:00:00.000', FALSE, NULL),
(12, 'Check invoice payment', 'Reception to confirm balance.', 'Giorgos Christofi', 'PFO012', 2, '2026-06-17 08:00:00.000', TRUE, '2026-06-21 12:00:00.000'),
(13, 'Book fleet service', 'Reserve two morning slots.', 'Petros Demetriou', 'NIC013', 3, '2026-06-18 08:00:00.000', FALSE, NULL),
(14, 'Order parts', 'Follow up with supplier for pending part.', 'Anna Nicolaou', 'CY014', 4, '2026-06-19 08:00:00.000', FALSE, NULL),
(15, 'Call customer', 'Customer needs update before 15:00.', 'Kyriakos Pavlou', 'LMS015', 5, '2026-06-20 08:00:00.000', FALSE, NULL),
(16, 'Prepare estimate', 'Send labour and parts estimate.', 'FastParts Logistics', 'KMA016', 2, '2026-06-21 08:00:00.000', TRUE, '2026-06-17 12:00:00.000'),
(17, 'Road test vehicle', 'Confirm repair after road test.', 'Stavros Eliades', 'PFO017', 3, '2026-06-22 08:00:00.000', FALSE, NULL),
(18, 'Clean bay', 'Free lift for afternoon delivery.', 'Eleni Panayi', 'NIC018', 4, '2026-06-23 08:00:00.000', FALSE, NULL),
(19, 'Check invoice payment', 'Reception to confirm balance.', 'Sunrise Rentals Ltd', 'CY019', 5, '2026-06-24 08:00:00.000', FALSE, NULL),
(20, 'Book fleet service', 'Reserve two morning slots.', 'Marios Loizou', 'LMS020', 2, '2026-06-25 08:00:00.000', TRUE, '2026-06-21 12:00:00.000'),
(21, 'Order parts', 'Follow up with supplier for pending part.', 'Dimitris Soteriou', 'KMA021', 3, '2026-06-26 08:00:00.000', FALSE, NULL),
(22, 'Call customer', 'Customer needs update before 15:00.', 'Christina Makri', 'PFO022', 4, '2026-06-27 08:00:00.000', FALSE, NULL),
(23, 'Prepare estimate', 'Send labour and parts estimate.', 'GreenLeaf Catering', 'NIC023', 5, '2026-06-28 08:00:00.000', FALSE, NULL),
(24, 'Road test vehicle', 'Confirm repair after road test.', 'Pambos Hadjiyiannis', 'CY024', 2, '2026-06-17 08:00:00.000', TRUE, '2026-06-17 12:00:00.000'),
(25, 'Clean bay', 'Free lift for afternoon delivery.', 'Yiota Andreou', 'LMS025', 3, '2026-06-18 08:00:00.000', FALSE, NULL),
(26, 'Check invoice payment', 'Reception to confirm balance.', 'Atlas Construction Ltd', 'KMA026', 4, '2026-06-19 08:00:00.000', FALSE, NULL),
(27, 'Book fleet service', 'Reserve two morning slots.', 'Costas Iacovou', 'PFO027', 5, '2026-06-20 08:00:00.000', FALSE, NULL),
(28, 'Order parts', 'Follow up with supplier for pending part.', 'Marina Stylianou', 'NIC028', 2, '2026-06-21 08:00:00.000', TRUE, '2026-06-21 12:00:00.000');

